Quantity Sold(MT),Registration Type*,Name of the Entity *,Address*,State*,District*,GST No. of Seller *,Buyer GST,HSN CODE,E-Invoice Number*,Bank Account No*,IFSC Code*,Principal Amount(₹)*,GST & Other Charges(₹)*,Sales date*,EPR Invoice Number,Data Value,Uploaded On,Invoice Update Status,Invoice Updated on,datetime,message
10,Unregistered,SHAKTI POLYMERS,NEW DELHI,DELHI,NEW DELHI,03AAICM5508J1ZI,07AAGPJ3138C1Z5,39021000,25219092,001581400000054,YESB0000015,740000,133200,Fri Oct 03 2025 05:30:00 GMT+0530 (India Standard Time),Confirm Entered Details×Please check and confirm the following details. These details cannot be changed later.Quantity Sold(MT)10Registration TypeUnregisteredName of the EntitySHAKTI POLYMERSAddressNEW DELHIStateDELHIDistrictNew DelhiGST No. of Seller03AAICM5508J1ZIGST No. of Buyer07AAGPJ3138C1Z5hsnCode39021000invno25219092Bank Account No001581400000054IFSC CodeYESB0000015Principal Amount(₹)740000GST Amount(₹)133200Sales date2025-10-03CancelConfirm,,,,,2026-05-27T07:17:32.707Z,"×
Error
Sales to registered PWP is not allowed !"
17,Unregistered,SHAKTI POLYMERS,NEW DELHI,DELHI,NEW DELHI,03AAICM5508J1ZI,07AAGPJ3138C1Z5,39021000,25219097,001581400000054,YESB0000015,943500,169830,Wed Oct 15 2025 05:30:00 GMT+0530 (India Standard Time),Confirm Entered Details×Please check and confirm the following details. These details cannot be changed later.Registration TypeUnregisteredStateDELHIDistrictNew DelhiQuantity Sold(MT)17Name of the EntitySHAKTI POLYMERSAddressNEW DELHIGST No. of Seller03AAICM5508J1ZIGST No. of Buyer07AAGPJ3138C1Z5hsnCode39021000invno25219097Bank Account No001581400000054IFSC CodeYESB0000015Principal Amount(₹)943500GST Amount(₹)169830Sales date2025-10-15CancelConfirm,,,,,2026-05-27T07:17:38.977Z,"×
Error
Sales to registered PWP is not allowed !"
15,Unregistered,PB POLYMER,Delhi,Delhi,Delhi,03AAICM5508J1ZI,07AAJPA6266B1Z2,39021000,25219098,001581400000054,YESB0000015,825000,148500,Thu Oct 16 2025 05:30:00 GMT+0530 (India Standard Time),Confirm Entered Details×Please check and confirm the following details. These details cannot be changed later.Registration TypeUnregisteredStateDELHIQuantity Sold(MT)15Name of the EntityPB POLYMERAddressDelhiDistrictCentral DelhiGST No. of Seller03AAICM5508J1ZIGST No. of Buyer07AAJPA6266B1Z2hsnCode39021000invno25219098Bank Account No001581400000054IFSC CodeYESB0000015Principal Amount(₹)825000GST Amount(₹)148500Sales date2025-10-16CancelConfirm,,,,,2026-05-27T07:17:45.386Z,"×
Error
Sales to registered PWP is not allowed !"
15,Unregistered,PB POLYMER,Delhi,Delhi,Delhi,03AAICM5508J1ZI,07AAJPA6266B1Z2,39021000,25219101,001581400000054,YESB0000015,825000,148500,Fri Oct 24 2025 05:30:00 GMT+0530 (India Standard Time),Confirm Entered Details×Please check and confirm the following details. These details cannot be changed later.Registration TypeUnregisteredStateDELHIDistrictCentral DelhiQuantity Sold(MT)15Name of the EntityPB POLYMERAddressDelhiGST No. of Seller03AAICM5508J1ZIGST No. of Buyer07AAJPA6266B1Z2hsnCode39021000invno25219101Bank Account No001581400000054IFSC CodeYESB0000015Principal Amount(₹)825000GST Amount(₹)148500Sales date2025-10-24CancelConfirm,,,,,2026-05-27T07:17:51.559Z,"×
Error
Sales to registered PWP is not allowed !"
15,Unregistered,PB POLYMER,Delhi,Delhi,Delhi,03AAICM5508J1ZI,07AAJPA6266B1Z2,39021000,25219103,001581400000054,YESB0000015,825000,148500,Sat Oct 25 2025 05:30:00 GMT+0530 (India Standard Time),Confirm Entered Details×Please check and confirm the following details. These details cannot be changed later.Registration TypeUnregisteredStateDELHIDistrictCentral DelhiQuantity Sold(MT)15Name of the EntityPB POLYMERAddressDelhiGST No. of Seller03AAICM5508J1ZIGST No. of Buyer07AAJPA6266B1Z2hsnCode39021000invno25219103Bank Account No001581400000054IFSC CodeYESB0000015Principal Amount(₹)825000GST Amount(₹)148500Sales date2025-10-25CancelConfirm,,,,,2026-05-27T07:17:57.754Z,"×
Error
Sales to registered PWP is not allowed !"
15,Unregistered,SHAKTI POLYMERS,NEW DELHI,DELHI,NEW DELHI,03AAICM5508J1ZI,07AAGPJ3138C1Z5,39021000,25219110,001581400000054,YESB0000015,884100,159138,Fri Oct 31 2025 05:30:00 GMT+0530 (India Standard Time),Confirm Entered Details×Please check and confirm the following details. These details cannot be changed later.Registration TypeUnregisteredStateDELHIQuantity Sold(MT)15Name of the EntitySHAKTI POLYMERSAddressNEW DELHIDistrictNew DelhiGST No. of Seller03AAICM5508J1ZIGST No. of Buyer07AAGPJ3138C1Z5hsnCode39021000invno25219110Bank Account No001581400000054IFSC CodeYESB0000015Principal Amount(₹)884100GST Amount(₹)159138Sales date2025-10-31CancelConfirm,,,,,2026-05-27T07:18:03.981Z,"×
Error
Sales to registered PWP is not allowed !"
15,Unregistered,SHAKTI POLYMERS,NEW DELHI,DELHI,NEW DELHI,03AAICM5508J1ZI,07AAGPJ3138C1Z5,39021000,25219111,001581400000054,YESB0000015,810000,145800,Fri Oct 31 2025 05:30:00 GMT+0530 (India Standard Time),Confirm Entered Details×Please check and confirm the following details. These details cannot be changed later.Registration TypeUnregisteredStateDELHIDistrictNew DelhiQuantity Sold(MT)15Name of the EntitySHAKTI POLYMERSAddressNEW DELHIGST No. of Seller03AAICM5508J1ZIGST No. of Buyer07AAGPJ3138C1Z5hsnCode39021000invno25219111Bank Account No001581400000054IFSC CodeYESB0000015Principal Amount(₹)810000GST Amount(₹)145800Sales date2025-10-31CancelConfirm,,,,,2026-05-27T07:18:10.165Z,"×
Error
Sales to registered PWP is not allowed !"
15,Unregistered,SHAKTI POLYMERS,NEW DELHI,DELHI,NEW DELHI,03AAICM5508J1ZI,07AAGPJ3138C1Z5,39021000,25219114,001581400000054,YESB0000015,1025075,184513.5,Fri Nov 14 2025 05:30:00 GMT+0530 (India Standard Time),Confirm Entered Details×Please check and confirm the following details. These details cannot be changed later.Registration TypeUnregisteredStateDELHIDistrictNew DelhiQuantity Sold(MT)15Name of the EntitySHAKTI POLYMERSAddressNEW DELHIGST No. of Seller03AAICM5508J1ZIGST No. of Buyer07AAGPJ3138C1Z5hsnCode39021000invno25219114Bank Account No001581400000054IFSC CodeYESB0000015Principal Amount(₹)1025075GST Amount(₹)184513.5Sales date2025-11-14CancelConfirm,,,,,2026-05-27T07:18:16.458Z,"×
Error
Sales to registered PWP is not allowed !"
15,Unregistered,PB POLYMER,Delhi,Delhi,Delhi,03AAICM5508J1ZI,07AAJPA6266B1Z2,39021000,25219118,001581400000054,YESB0000015,817500,147150,Wed Nov 19 2025 05:30:00 GMT+0530 (India Standard Time),Confirm Entered Details×Please check and confirm the following details. These details cannot be changed later.Registration TypeUnregisteredStateDELHIQuantity Sold(MT)15Name of the EntityPB POLYMERAddressDelhiDistrictCentral DelhiGST No. of Seller03AAICM5508J1ZIGST No. of Buyer07AAJPA6266B1Z2hsnCode39021000invno25219118Bank Account No001581400000054IFSC CodeYESB0000015Principal Amount(₹)817500GST Amount(₹)147150Sales date2025-11-19CancelConfirm,,,,,2026-05-27T07:18:22.677Z,"×
Error
Sales to registered PWP is not allowed !"
15,Unregistered,PB POLYMER,Delhi,Delhi,Delhi,03AAICM5508J1ZI,07AAJPA6266B1Z2,39021000,25219119,001581400000054,YESB0000015,817500,147150,Tue Nov 25 2025 05:30:00 GMT+0530 (India Standard Time),Confirm Entered Details×Please check and confirm the following details. These details cannot be changed later.Registration TypeUnregisteredStateDELHIDistrictCentral DelhiQuantity Sold(MT)15Name of the EntityPB POLYMERAddressDelhiGST No. of Seller03AAICM5508J1ZIGST No. of Buyer07AAJPA6266B1Z2hsnCode39021000invno25219119Bank Account No001581400000054IFSC CodeYESB0000015Principal Amount(₹)817500GST Amount(₹)147150Sales date2025-11-25CancelConfirm,,,,,2026-05-27T07:18:28.892Z,"×
Error
Sales to registered PWP is not allowed !"
16.85,Unregistered,SHAKTI POLYMERS,NEW DELHI,DELHI,NEW DELHI,03AAICM5508J1ZI,07AAGPJ3138C1Z5,39021000,25219120,001581400000054,YESB0000015,934050,168129,Tue Nov 25 2025 05:30:00 GMT+0530 (India Standard Time),Confirm Entered Details×Please check and confirm the following details. These details cannot be changed later.Registration TypeUnregisteredStateDELHIQuantity Sold(MT)16.85Name of the EntitySHAKTI POLYMERSAddressNEW DELHIDistrictNew DelhiGST No. of Seller03AAICM5508J1ZIGST No. of Buyer07AAGPJ3138C1Z5hsnCode39021000invno25219120Bank Account No001581400000054IFSC CodeYESB0000015Principal Amount(₹)934050GST Amount(₹)168129Sales date2025-11-25CancelConfirm,,,,,2026-05-27T07:18:35.148Z,"×
Error
Sales to registered PWP is not allowed !"
15,Unregistered,SHAKTI POLYMERS,NEW DELHI,DELHI,NEW DELHI,03AAICM5508J1ZI,07AAGPJ3138C1Z5,39021000,25219122,001581400000054,YESB0000015,817500,147150,Wed Nov 26 2025 05:30:00 GMT+0530 (India Standard Time),Confirm Entered Details×Please check and confirm the following details. These details cannot be changed later.Registration TypeUnregisteredStateDELHIDistrictNew DelhiQuantity Sold(MT)15Name of the EntitySHAKTI POLYMERSAddressNEW DELHIGST No. of Seller03AAICM5508J1ZIGST No. of Buyer07AAGPJ3138C1Z5hsnCode39021000invno25219122Bank Account No001581400000054IFSC CodeYESB0000015Principal Amount(₹)817500GST Amount(₹)147150Sales date2025-11-26CancelConfirm,,,,,2026-05-27T07:18:41.348Z,"×
Error
Sales to registered PWP is not allowed !"
15.8,Unregistered,SHAKTI POLYMERS,NEW DELHI,DELHI,NEW DELHI,03AAICM5508J1ZI,07AAGPJ3138C1Z5,39021000,25219124,001581400000054,YESB0000015,861100,154998,Fri Nov 28 2025 05:30:00 GMT+0530 (India Standard Time),Confirm Entered Details×Please check and confirm the following details. These details cannot be changed later.Registration TypeUnregisteredStateDELHIDistrictNew DelhiQuantity Sold(MT)15.8Name of the EntitySHAKTI POLYMERSAddressNEW DELHIGST No. of Seller03AAICM5508J1ZIGST No. of Buyer07AAGPJ3138C1Z5hsnCode39021000invno25219124Bank Account No001581400000054IFSC CodeYESB0000015Principal Amount(₹)861100GST Amount(₹)154998Sales date2025-11-28CancelConfirm,,,,,2026-05-27T07:18:47.669Z,"×
Error
Sales to registered PWP is not allowed !"
15,Unregistered,PB POLYMER,Delhi,Delhi,Delhi,03AAICM5508J1ZI,07AAJPA6266B1Z2,39021000,25219125,001581400000054,YESB0000015,817500,147150,Sat Nov 29 2025 05:30:00 GMT+0530 (India Standard Time),Confirm Entered Details×Please check and confirm the following details. These details cannot be changed later.Registration TypeUnregisteredStateDELHIQuantity Sold(MT)15Name of the EntityPB POLYMERAddressDelhiDistrictCentral DelhiGST No. of Seller03AAICM5508J1ZIGST No. of Buyer07AAJPA6266B1Z2hsnCode39021000invno25219125Bank Account No001581400000054IFSC CodeYESB0000015Principal Amount(₹)817500GST Amount(₹)147150Sales date2025-11-29CancelConfirm,,,,,2026-05-27T07:18:53.894Z,"×
Error
Sales to registered PWP is not allowed !"
15,Unregistered,SHAKTI POLYMERS,NEW DELHI,DELHI,NEW DELHI,03AAICM5508J1ZI,07AAGPJ3138C1Z5,39021000,25219131,001581400000054,YESB0000015,817500,147150,Thu Dec 11 2025 05:30:00 GMT+0530 (India Standard Time),Confirm Entered Details×Please check and confirm the following details. These details cannot be changed later.Registration TypeUnregisteredStateDELHIQuantity Sold(MT)15Name of the EntitySHAKTI POLYMERSAddressNEW DELHIDistrictNew DelhiGST No. of Seller03AAICM5508J1ZIGST No. of Buyer07AAGPJ3138C1Z5hsnCode39021000invno25219131Bank Account No001581400000054IFSC CodeYESB0000015Principal Amount(₹)817500GST Amount(₹)147150Sales date2025-12-11CancelConfirm,,,,,2026-05-27T07:19:00.210Z,"×
Error
Sales to registered PWP is not allowed !"
15,Unregistered,SHAKTI POLYMERS,NEW DELHI,DELHI,NEW DELHI,03AAICM5508J1ZI,07AAGPJ3138C1Z5,39021000,25219133,001581400000054,YESB0000015,817500,147150,Sat Dec 13 2025 05:30:00 GMT+0530 (India Standard Time),Confirm Entered Details×Please check and confirm the following details. These details cannot be changed later.Registration TypeUnregisteredStateDELHIDistrictNew DelhiQuantity Sold(MT)15Name of the EntitySHAKTI POLYMERSAddressNEW DELHIGST No. of Seller03AAICM5508J1ZIGST No. of Buyer07AAGPJ3138C1Z5hsnCode39021000invno25219133Bank Account No001581400000054IFSC CodeYESB0000015Principal Amount(₹)817500GST Amount(₹)147150Sales date2025-12-13CancelConfirm,,,,,2026-05-27T07:19:06.455Z,"×
Error
Sales to registered PWP is not allowed !"
15,Unregistered,SHAKTI POLYMERS,NEW DELHI,DELHI,NEW DELHI,03AAICM5508J1ZI,07AAGPJ3138C1Z5,39021000,25219139,001581400000054,YESB0000015,891425,160456.5,Fri Dec 19 2025 05:30:00 GMT+0530 (India Standard Time),Confirm Entered Details×Please check and confirm the following details. These details cannot be changed later.Registration TypeUnregisteredStateDELHIDistrictNew DelhiQuantity Sold(MT)15Name of the EntitySHAKTI POLYMERSAddressNEW DELHIGST No. of Seller03AAICM5508J1ZIGST No. of Buyer07AAGPJ3138C1Z5hsnCode39021000invno25219139Bank Account No001581400000054IFSC CodeYESB0000015Principal Amount(₹)891425GST Amount(₹)160456.5Sales date2025-12-19CancelConfirm,,,,,2026-05-27T07:19:12.682Z,"×
Error
Sales to registered PWP is not allowed !"
16.175,Unregistered,SHAKTI POLYMERS,NEW DELHI,DELHI,NEW DELHI,03AAICM5508J1ZI,07AAGPJ3138C1Z5,39021000,25219141,001581400000054,YESB0000015,881537.5,158676.75,Tue Dec 23 2025 05:30:00 GMT+0530 (India Standard Time),Confirm Entered Details×Please check and confirm the following details. These details cannot be changed later.Registration TypeUnregisteredStateDELHIDistrictNew DelhiQuantity Sold(MT)16.18Name of the EntitySHAKTI POLYMERSAddressNEW DELHIGST No. of Seller03AAICM5508J1ZIGST No. of Buyer07AAGPJ3138C1Z5hsnCode39021000invno25219141Bank Account No001581400000054IFSC CodeYESB0000015Principal Amount(₹)881537.5GST Amount(₹)158676.75Sales date2025-12-23CancelConfirm,,,,,2026-05-27T07:19:18.900Z,"×
Error
Sales to registered PWP is not allowed !"
15,Unregistered,PB POLYMER,Delhi,Delhi,Delhi,03AAICM5508J1ZI,07AAJPA6266B1Z2,39021000,25219143,001581400000054,YESB0000015,817500,147150,Mon Dec 29 2025 05:30:00 GMT+0530 (India Standard Time),Confirm Entered Details×Please check and confirm the following details. These details cannot be changed later.Registration TypeUnregisteredStateDELHIQuantity Sold(MT)15Name of the EntityPB POLYMERAddressDelhiDistrictCentral DelhiGST No. of Seller03AAICM5508J1ZIGST No. of Buyer07AAJPA6266B1Z2hsnCode39021000invno25219143Bank Account No001581400000054IFSC CodeYESB0000015Principal Amount(₹)817500GST Amount(₹)147150Sales date2025-12-29CancelConfirm,,,,,2026-05-27T07:19:25.043Z,"×
Error
Sales to registered PWP is not allowed !"
15,Unregistered,PB POLYMER,Delhi,Delhi,Delhi,03AAICM5508J1ZI,07AAJPA6266B1Z2,39021000,25219144,001581400000054,YESB0000015,817500,147150,Tue Dec 30 2025 05:30:00 GMT+0530 (India Standard Time),Confirm Entered Details×Please check and confirm the following details. These details cannot be changed later.Registration TypeUnregisteredStateDELHIDistrictCentral DelhiQuantity Sold(MT)15Name of the EntityPB POLYMERAddressDelhiGST No. of Seller03AAICM5508J1ZIGST No. of Buyer07AAJPA6266B1Z2hsnCode39021000invno25219144Bank Account No001581400000054IFSC CodeYESB0000015Principal Amount(₹)817500GST Amount(₹)147150Sales date2025-12-30CancelConfirm,,,,,2026-05-27T07:19:31.309Z,"×
Error
Sales to registered PWP is not allowed !"
12.825,Unregistered,SHAKTI POLYMERS,NEW DELHI,DELHI,NEW DELHI,03AAICM5508J1ZI,07AAGPJ3138C1Z5,39021000,25219146,001581400000054,YESB0000015,698962.5,125813.25,Wed Dec 31 2025 05:30:00 GMT+0530 (India Standard Time),Confirm Entered Details×Please check and confirm the following details. These details cannot be changed later.Registration TypeUnregisteredStateDELHIQuantity Sold(MT)12.82Name of the EntitySHAKTI POLYMERSAddressNEW DELHIDistrictNew DelhiGST No. of Seller03AAICM5508J1ZIGST No. of Buyer07AAGPJ3138C1Z5hsnCode39021000invno25219146Bank Account No001581400000054IFSC CodeYESB0000015Principal Amount(₹)698962.5GST Amount(₹)125813.25Sales date2025-12-31CancelConfirm,,,,,2026-05-27T07:19:37.606Z,"×
Error
Sales to registered PWP is not allowed !"
10,Unregistered,TNC-INC SOLUTIONS PRIVATE LIMITED,MOHALI,PUNJAB,Sahibzada Ajit Singh Nagar (Mohali),03AAICM5508J1ZI,03AAKCT7404L1Z6,39021000,25239101,001581400000054,YESB0000015,555000,99900,Wed Jan 14 2026 05:30:00 GMT+0530 (India Standard Time),Confirm Entered Details×Please check and confirm the following details. These details cannot be changed later.Registration TypeUnregisteredQuantity Sold(MT)10Name of the EntityTNC-INC SOLUTIONS PRIVATE LIMITEDAddressMOHALIStatePUNJABDistrictSahibzada Ajit Singh Nagar (Mohali)GST No. of Seller03AAICM5508J1ZIGST No. of Buyer03AAKCT7404L1Z6hsnCode39021000invno25239101Bank Account No001581400000054IFSC CodeYESB0000015Principal Amount(₹)555000GST Amount(₹)99900Sales date2026-01-14CancelConfirm,,,,,2026-05-27T07:19:44.100Z,"×
Error
Sales to registered PWP is not allowed !"
9.4,Unregistered,SHAKTI POLYMERS,NEW DELHI,DELHI,NEW DELHI,03AAICM5508J1ZI,07AAGPJ3138C1Z5,39021000,25219155,001581400000054,YESB0000015,502900,90522,Fri Jan 23 2026 05:30:00 GMT+0530 (India Standard Time),Confirm Entered Details×Please check and confirm the following details. These details cannot be changed later.Registration TypeUnregisteredQuantity Sold(MT)9.4Name of the EntitySHAKTI POLYMERSAddressNEW DELHIStateDELHIDistrictNew DelhiGST No. of Seller03AAICM5508J1ZIGST No. of Buyer07AAGPJ3138C1Z5hsnCode39021000invno25219155Bank Account No001581400000054IFSC CodeYESB0000015Principal Amount(₹)502900GST Amount(₹)90522Sales date2026-01-23CancelConfirm,,,,,2026-05-27T07:19:50.577Z,"×
Error
Sales to registered PWP is not allowed !"
10.325,Unregistered,TNC-INC SOLUTIONS PRIVATE LIMITED,MOHALI,PUNJAB,Sahibzada Ajit Singh Nagar (Mohali),03AAICM5508J1ZI,03AAKCT7404L1Z6,39021000,25239105,001581400000054,YESB0000015,666375,119947.5,Tue Jan 27 2026 05:30:00 GMT+0530 (India Standard Time),Confirm Entered Details×Please check and confirm the following details. These details cannot be changed later.Registration TypeUnregisteredQuantity Sold(MT)10.32Name of the EntityTNC-INC SOLUTIONS PRIVATE LIMITEDAddressMOHALIStatePUNJABDistrictSahibzada Ajit Singh Nagar (Mohali)GST No. of Seller03AAICM5508J1ZIGST No. of Buyer03AAKCT7404L1Z6hsnCode39021000invno25239105Bank Account No001581400000054IFSC CodeYESB0000015Principal Amount(₹)666375GST Amount(₹)119947.5Sales date2026-01-27CancelConfirm,,,,,2026-05-27T07:19:57.112Z,"×
Error
Sales to registered PWP is not allowed !"
15,Unregistered,SHAKTI POLYMERS,NEW DELHI,DELHI,NEW DELHI,03AAICM5508J1ZI,07AAGPJ3138C1Z5,39021000,25219164,001581400000054,YESB0000015,855000,153900,Sat Feb 14 2026 05:30:00 GMT+0530 (India Standard Time),Confirm Entered Details×Please check and confirm the following details. These details cannot be changed later.Registration TypeUnregisteredQuantity Sold(MT)15Name of the EntitySHAKTI POLYMERSAddressNEW DELHIStateDELHIDistrictNew DelhiGST No. of Seller03AAICM5508J1ZIGST No. of Buyer07AAGPJ3138C1Z5hsnCode39021000invno25219164Bank Account No001581400000054IFSC CodeYESB0000015Principal Amount(₹)855000GST Amount(₹)153900Sales date2026-02-14CancelConfirm,,,,,2026-05-27T07:20:03.542Z,"×
Error
Sales to registered PWP is not allowed !"
30,Unregistered,SAGAR POLYMERS,"DAMAN, DADRA AND NAGAR HAVELI",DADRA AND NAGAR HAVELI AND DAMAN AND DIU,Dadra & Nagar Haveli,03AAICM5508J1ZI,26ABLFS2221D1ZI,39021000,25219192,001581400000054,YESB0000015,3540000,637200,Mon Mar 30 2026 05:30:00 GMT+0530 (India Standard Time),"Confirm Entered Details×Please check and confirm the following details. These details cannot be changed later.Registration TypeUnregisteredQuantity Sold(MT)30Name of the EntitySAGAR POLYMERSAddressDAMAN, DADRA AND NAGAR HAVELIStateDADRA AND NAGAR HAVELI AND DAMAN AND DIUDistrictDadra & Nagar HaveliGST No. of Seller03AAICM5508J1ZIGST No. of Buyer26ABLFS2221D1ZIhsnCode39021000invno25219192Bank Account No001581400000054IFSC CodeYESB0000015Principal Amount(₹)3540000GST Amount(₹)637200Sales date2026-03-30CancelConfirm",,,,,2026-05-27T07:20:10.055Z,"×
Error
Sales to registered PWP is not allowed !"
9,Unregistered,SHAKTI PLAST CHEM PRIVATE LIMITED,NEW DELHI,DELHI,NEW DELHI,03AAICM5508J1ZI,07ABKCS4860N1ZN,39021000,25015003,001581400000054,YESB0000015,733555.5,132039.99,Tue Apr 01 2025 05:30:00 GMT+0530 (India Standard Time),Confirm Entered Details×Please check and confirm the following details. These details cannot be changed later.Registration TypeUnregisteredQuantity Sold(MT)9Name of the EntitySHAKTI PLAST CHEM PRIVATE LIMITEDAddressNEW DELHIStateDELHIDistrictNew DelhiGST No. of Seller03AAICM5508J1ZIGST No. of Buyer07ABKCS4860N1ZNhsnCode39021000invno25015003Bank Account No001581400000054IFSC CodeYESB0000015Principal Amount(₹)733555.5GST Amount(₹)132039.99Sales date2025-04-01CancelConfirm,,,,,2026-05-27T07:20:16.556Z,"×
Error
Sales to registered PWP is not allowed !"
9,Unregistered,SHAKTI PLAST CHEM PRIVATE LIMITED,NEW DELHI,DELHI,NEW DELHI,03AAICM5508J1ZI,07ABKCS4860N1ZN,39021000,25015025,001581400000054,YESB0000015,743372.5,133807.05,Thu Apr 03 2025 05:30:00 GMT+0530 (India Standard Time),Confirm Entered Details×Please check and confirm the following details. These details cannot be changed later.Registration TypeUnregisteredStateDELHIDistrictNew DelhiQuantity Sold(MT)9Name of the EntitySHAKTI PLAST CHEM PRIVATE LIMITEDAddressNEW DELHIGST No. of Seller03AAICM5508J1ZIGST No. of Buyer07ABKCS4860N1ZNhsnCode39021000invno25015025Bank Account No001581400000054IFSC CodeYESB0000015Principal Amount(₹)743372.5GST Amount(₹)133807.05Sales date2025-04-03CancelConfirm,,,,,2026-05-27T07:20:22.482Z,"×
Error
Sales to registered PWP is not allowed !"
15,Unregistered,SHAKTI POLYMERS,NEW DELHI,DELHI,NEW DELHI,03AAICM5508J1ZI,07AAGPJ3138C1Z5,39021000,25015060,001581400000054,YESB0000015,1342500,241650,Fri Apr 04 2025 05:30:00 GMT+0530 (India Standard Time),Confirm Entered Details×Please check and confirm the following details. These details cannot be changed later.Registration TypeUnregisteredStateDELHIDistrictNew DelhiQuantity Sold(MT)15Name of the EntitySHAKTI POLYMERSAddressNEW DELHIGST No. of Seller03AAICM5508J1ZIGST No. of Buyer07AAGPJ3138C1Z5hsnCode39021000invno25015060Bank Account No001581400000054IFSC CodeYESB0000015Principal Amount(₹)1342500GST Amount(₹)241650Sales date2025-04-04CancelConfirm,,,,,2026-05-27T07:20:28.445Z,"×
Error
Sales to registered PWP is not allowed !"
9,Unregistered,SHAKTI PLAST CHEM PRIVATE LIMITED,NEW DELHI,DELHI,NEW DELHI,03AAICM5508J1ZI,07ABKCS4860N1ZN,39021000,25015093,001581400000054,YESB0000015,696946.5,125450.37,Sat Apr 05 2025 05:30:00 GMT+0530 (India Standard Time),Confirm Entered Details×Please check and confirm the following details. These details cannot be changed later.Registration TypeUnregisteredStateDELHIDistrictNew DelhiQuantity Sold(MT)9Name of the EntitySHAKTI PLAST CHEM PRIVATE LIMITEDAddressNEW DELHIGST No. of Seller03AAICM5508J1ZIGST No. of Buyer07ABKCS4860N1ZNhsnCode39021000invno25015093Bank Account No001581400000054IFSC CodeYESB0000015Principal Amount(₹)696946.5GST Amount(₹)125450.37Sales date2025-04-05CancelConfirm,,,,,2026-05-27T07:20:34.446Z,"×
Error
Sales to registered PWP is not allowed !"
9,Unregistered,SHAKTI PLAST CHEM PRIVATE LIMITED,NEW DELHI,DELHI,NEW DELHI,03AAICM5508J1ZI,07ABKCS4860N1ZN,39021000,25015126,001581400000054,YESB0000015,748260,134686.8,Mon Apr 07 2025 05:30:00 GMT+0530 (India Standard Time),Confirm Entered Details×Please check and confirm the following details. These details cannot be changed later.Registration TypeUnregisteredStateDELHIDistrictNew DelhiQuantity Sold(MT)9Name of the EntitySHAKTI PLAST CHEM PRIVATE LIMITEDAddressNEW DELHIGST No. of Seller03AAICM5508J1ZIGST No. of Buyer07ABKCS4860N1ZNhsnCode39021000invno25015126Bank Account No001581400000054IFSC CodeYESB0000015Principal Amount(₹)748260GST Amount(₹)134686.8Sales date2025-04-07CancelConfirm,,,,,2026-05-27T07:20:40.372Z,"×
Error
Sales to registered PWP is not allowed !"
9,Unregistered,SHAKTI PLAST CHEM PRIVATE LIMITED,NEW DELHI,DELHI,NEW DELHI,03AAICM5508J1ZI,07ABKCS4860N1ZN,39021000,25015145,001581400000054,YESB0000015,708840,127591.2,Tue Apr 08 2025 05:30:00 GMT+0530 (India Standard Time),Confirm Entered Details×Please check and confirm the following details. These details cannot be changed later.Registration TypeUnregisteredStateDELHIDistrictNew DelhiQuantity Sold(MT)9Name of the EntitySHAKTI PLAST CHEM PRIVATE LIMITEDAddressNEW DELHIGST No. of Seller03AAICM5508J1ZIGST No. of Buyer07ABKCS4860N1ZNhsnCode39021000invno25015145Bank Account No001581400000054IFSC CodeYESB0000015Principal Amount(₹)708840GST Amount(₹)127591.2Sales date2025-04-08CancelConfirm,,,,,2026-05-27T07:20:46.268Z,"×
Error
Sales to registered PWP is not allowed !"
9,Unregistered,SHAKTI PLAST CHEM PRIVATE LIMITED,NEW DELHI,DELHI,NEW DELHI,03AAICM5508J1ZI,07ABKCS4860N1ZN,39021000,25015199,001581400000054,YESB0000015,714870,128676.6,Thu Apr 10 2025 05:30:00 GMT+0530 (India Standard Time),Confirm Entered Details×Please check and confirm the following details. These details cannot be changed later.Registration TypeUnregisteredStateDELHIDistrictNew DelhiQuantity Sold(MT)9Name of the EntitySHAKTI PLAST CHEM PRIVATE LIMITEDAddressNEW DELHIGST No. of Seller03AAICM5508J1ZIGST No. of Buyer07ABKCS4860N1ZNhsnCode39021000invno25015199Bank Account No001581400000054IFSC CodeYESB0000015Principal Amount(₹)714870GST Amount(₹)128676.6Sales date2025-04-10CancelConfirm,,,,,2026-05-27T07:20:52.154Z,"×
Error
Sales to registered PWP is not allowed !"
10,Unregistered,PEECO POLYTECH PRIVATE LIMITED,SONIPAT,HARYANA,SONIPAT,03AAICM5508J1ZI,06AAECP9388H2ZV,39021000,25015211,001581400000054,YESB0000015,820000,147600,Thu Apr 10 2025 05:30:00 GMT+0530 (India Standard Time),Confirm Entered Details×Please check and confirm the following details. These details cannot be changed later.Registration TypeUnregisteredQuantity Sold(MT)10Name of the EntityPEECO POLYTECH PRIVATE LIMITEDAddressSONIPATStateHARYANADistrictSonipatGST No. of Seller03AAICM5508J1ZIGST No. of Buyer06AAECP9388H2ZVhsnCode39021000invno25015211Bank Account No001581400000054IFSC CodeYESB0000015Principal Amount(₹)820000GST Amount(₹)147600Sales date2025-04-10CancelConfirm,,,,,2026-05-27T07:20:58.375Z,"×
Error
Sales to registered PWP is not allowed !"
9,Unregistered,SHAKTI PLAST CHEM PRIVATE LIMITED,NEW DELHI,DELHI,NEW DELHI,03AAICM5508J1ZI,07ABKCS4860N1ZN,39021000,25015277,001581400000054,YESB0000015,748260,134686.8,Mon Apr 14 2025 05:30:00 GMT+0530 (India Standard Time),Confirm Entered Details×Please check and confirm the following details. These details cannot be changed later.Registration TypeUnregisteredQuantity Sold(MT)9Name of the EntitySHAKTI PLAST CHEM PRIVATE LIMITEDAddressNEW DELHIStateDELHIDistrictNew DelhiGST No. of Seller03AAICM5508J1ZIGST No. of Buyer07ABKCS4860N1ZNhsnCode39021000invno25015277Bank Account No001581400000054IFSC CodeYESB0000015Principal Amount(₹)748260GST Amount(₹)134686.8Sales date2025-04-14CancelConfirm,,,,,2026-05-27T07:21:04.412Z,"×
Error
Sales to registered PWP is not allowed !"
15,Unregistered,ANAND TWINES MANUFACTURING PRIVATE LIMITED,NOIDA,UTTAR PRADESH,Gautam Buddha Nagar,03AAICM5508J1ZI,09AAMCA0123H1ZY,39021000,25015281,001581400000054,YESB0000015,1323750,238275,Mon Apr 14 2025 05:30:00 GMT+0530 (India Standard Time),Confirm Entered Details×Please check and confirm the following details. These details cannot be changed later.Registration TypeUnregisteredQuantity Sold(MT)15Name of the EntityANAND TWINES MANUFACTURING PRIVATE LIMITEDAddressNOIDAStateUTTAR PRADESHDistrictGautam Buddha NagarGST No. of Seller03AAICM5508J1ZIGST No. of Buyer09AAMCA0123H1ZYhsnCode39021000invno25015281Bank Account No001581400000054IFSC CodeYESB0000015Principal Amount(₹)1323750GST Amount(₹)238275Sales date2025-04-14CancelConfirm,,,,,2026-05-27T07:21:10.448Z,"×
Error
Sales to registered PWP is not allowed !"
15,Unregistered,SHAKTI POLYMERS,NEW DELHI,DELHI,NEW DELHI,03AAICM5508J1ZI,07AAGPJ3138C1Z5,39021000,25015282,001581400000054,YESB0000015,1260000,226800,Mon Apr 14 2025 05:30:00 GMT+0530 (India Standard Time),Confirm Entered Details×Please check and confirm the following details. These details cannot be changed later.Registration TypeUnregisteredQuantity Sold(MT)15Name of the EntitySHAKTI POLYMERSAddressNEW DELHIStateDELHIDistrictNew DelhiGST No. of Seller03AAICM5508J1ZIGST No. of Buyer07AAGPJ3138C1Z5hsnCode39021000invno25015282Bank Account No001581400000054IFSC CodeYESB0000015Principal Amount(₹)1260000GST Amount(₹)226800Sales date2025-04-14CancelConfirm,,,,,2026-05-27T07:21:16.583Z,"×
Error
Sales to registered PWP is not allowed !"
9,Unregistered,SHAKTI PLAST CHEM PRIVATE LIMITED,NEW DELHI,DELHI,NEW DELHI,03AAICM5508J1ZI,07ABKCS4860N1ZN,39021000,25015338,001581400000054,YESB0000015,748260,134686.8,Wed Apr 16 2025 05:30:00 GMT+0530 (India Standard Time),Confirm Entered Details×Please check and confirm the following details. These details cannot be changed later.Registration TypeUnregisteredStateDELHIDistrictNew DelhiQuantity Sold(MT)9Name of the EntitySHAKTI PLAST CHEM PRIVATE LIMITEDAddressNEW DELHIGST No. of Seller03AAICM5508J1ZIGST No. of Buyer07ABKCS4860N1ZNhsnCode39021000invno25015338Bank Account No001581400000054IFSC CodeYESB0000015Principal Amount(₹)748260GST Amount(₹)134686.8Sales date2025-04-16CancelConfirm,,,,,2026-05-27T07:21:22.477Z,"×
Error
Sales to registered PWP is not allowed !"
15,Unregistered,ANAND TWINES MANUFACTURING PRIVATE LIMITED,NOIDA,UTTAR PRADESH,Gautam Buddha Nagar,03AAICM5508J1ZI,09AAMCA0123H1ZY,39021000,25015341,001581400000054,YESB0000015,1323750,238275,Wed Apr 16 2025 05:30:00 GMT+0530 (India Standard Time),Confirm Entered Details×Please check and confirm the following details. These details cannot be changed later.Registration TypeUnregisteredQuantity Sold(MT)15Name of the EntityANAND TWINES MANUFACTURING PRIVATE LIMITEDAddressNOIDAStateUTTAR PRADESHDistrictGautam Buddha NagarGST No. of Seller03AAICM5508J1ZIGST No. of Buyer09AAMCA0123H1ZYhsnCode39021000invno25015341Bank Account No001581400000054IFSC CodeYESB0000015Principal Amount(₹)1323750GST Amount(₹)238275Sales date2025-04-16CancelConfirm,,,,,2026-05-27T07:21:28.571Z,"×
Error
Sales to registered PWP is not allowed !"
15,Unregistered,PEECO POLYTECH PRIVATE LIMITED,SONIPAT,HARYANA,SONIPAT,03AAICM5508J1ZI,06AAECP9388H2ZV,39021000,25015345,001581400000054,YESB0000015,1230000,221400,Wed Apr 16 2025 05:30:00 GMT+0530 (India Standard Time),Confirm Entered Details×Please check and confirm the following details. These details cannot be changed later.Registration TypeUnregisteredQuantity Sold(MT)15Name of the EntityPEECO POLYTECH PRIVATE LIMITEDAddressSONIPATStateHARYANADistrictSonipatGST No. of Seller03AAICM5508J1ZIGST No. of Buyer06AAECP9388H2ZVhsnCode39021000invno25015345Bank Account No001581400000054IFSC CodeYESB0000015Principal Amount(₹)1230000GST Amount(₹)221400Sales date2025-04-16CancelConfirm,,,,,2026-05-27T07:21:34.770Z,"×
Error
Sales to registered PWP is not allowed !"
9,Unregistered,SHAKTI PLAST CHEM PRIVATE LIMITED,NEW DELHI,DELHI,NEW DELHI,03AAICM5508J1ZI,07ABKCS4860N1ZN,39021000,25015347,001581400000054,YESB0000015,712560,128260.8,Wed Apr 16 2025 05:30:00 GMT+0530 (India Standard Time),Confirm Entered Details×Please check and confirm the following details. These details cannot be changed later.Registration TypeUnregisteredQuantity Sold(MT)9Name of the EntitySHAKTI PLAST CHEM PRIVATE LIMITEDAddressNEW DELHIStateDELHIDistrictNew DelhiGST No. of Seller03AAICM5508J1ZIGST No. of Buyer07ABKCS4860N1ZNhsnCode39021000invno25015347Bank Account No001581400000054IFSC CodeYESB0000015Principal Amount(₹)712560GST Amount(₹)128260.8Sales date2025-04-16CancelConfirm,,,,,2026-05-27T07:21:40.962Z,"×
Error
Sales to registered PWP is not allowed !"
15,Unregistered,ANAND TWINES MANUFACTURING PRIVATE LIMITED,NOIDA,UTTAR PRADESH,Gautam Buddha Nagar,03AAICM5508J1ZI,09AAMCA0123H1ZY,39021000,25015373,001581400000054,YESB0000015,1222500,220050,Thu Apr 17 2025 05:30:00 GMT+0530 (India Standard Time),Confirm Entered Details×Please check and confirm the following details. These details cannot be changed later.Registration TypeUnregisteredQuantity Sold(MT)15Name of the EntityANAND TWINES MANUFACTURING PRIVATE LIMITEDAddressNOIDAStateUTTAR PRADESHDistrictGautam Buddha NagarGST No. of Seller03AAICM5508J1ZIGST No. of Buyer09AAMCA0123H1ZYhsnCode39021000invno25015373Bank Account No001581400000054IFSC CodeYESB0000015Principal Amount(₹)1222500GST Amount(₹)220050Sales date2025-04-17CancelConfirm,,,,,2026-05-27T07:21:47.113Z,"×
Error
Sales to registered PWP is not allowed !"
10,Unregistered,SHAKTI POLYMERS,NEW DELHI,DELHI,NEW DELHI,03AAICM5508J1ZI,07AAGPJ3138C1Z5,39021000,25015390,001581400000054,YESB0000015,840000,151200,Fri Apr 18 2025 05:30:00 GMT+0530 (India Standard Time),Confirm Entered Details×Please check and confirm the following details. These details cannot be changed later.Registration TypeUnregisteredQuantity Sold(MT)10Name of the EntitySHAKTI POLYMERSAddressNEW DELHIStateDELHIDistrictNew DelhiGST No. of Seller03AAICM5508J1ZIGST No. of Buyer07AAGPJ3138C1Z5hsnCode39021000invno25015390Bank Account No001581400000054IFSC CodeYESB0000015Principal Amount(₹)840000GST Amount(₹)151200Sales date2025-04-18CancelConfirm,,,,,2026-05-27T07:21:53.253Z,"×
Error
Sales to registered PWP is not allowed !"
10,Unregistered,PEECO POLYTECH PRIVATE LIMITED,SONIPAT,HARYANA,SONIPAT,03AAICM5508J1ZI,06AAECP9388H2ZV,39021000,25015392,001581400000054,YESB0000015,820000,147600,Fri Apr 18 2025 05:30:00 GMT+0530 (India Standard Time),Confirm Entered Details×Please check and confirm the following details. These details cannot be changed later.Registration TypeUnregisteredQuantity Sold(MT)10Name of the EntityPEECO POLYTECH PRIVATE LIMITEDAddressSONIPATStateHARYANADistrictSonipatGST No. of Seller03AAICM5508J1ZIGST No. of Buyer06AAECP9388H2ZVhsnCode39021000invno25015392Bank Account No001581400000054IFSC CodeYESB0000015Principal Amount(₹)820000GST Amount(₹)147600Sales date2025-04-18CancelConfirm,,,,,2026-05-27T07:21:59.375Z,"×
Error
Sales to registered PWP is not allowed !"
9,Unregistered,SHAKTI PLAST CHEM PRIVATE LIMITED,NEW DELHI,DELHI,NEW DELHI,03AAICM5508J1ZI,07ABKCS4860N1ZN,39021000,25015422,001581400000054,YESB0000015,674974.5,121495.41,Sat Apr 19 2025 05:30:00 GMT+0530 (India Standard Time),Confirm Entered Details×Please check and confirm the following details. These details cannot be changed later.Registration TypeUnregisteredQuantity Sold(MT)9Name of the EntitySHAKTI PLAST CHEM PRIVATE LIMITEDAddressNEW DELHIStateDELHIDistrictNew DelhiGST No. of Seller03AAICM5508J1ZIGST No. of Buyer07ABKCS4860N1ZNhsnCode39021000invno25015422Bank Account No001581400000054IFSC CodeYESB0000015Principal Amount(₹)674974.5GST Amount(₹)121495.41Sales date2025-04-19CancelConfirm,,,,,2026-05-27T07:22:05.545Z,"×
Error
Sales to registered PWP is not allowed !"
10,Unregistered,SHAKTI PLAST CHEM PRIVATE LIMITED,NEW DELHI,DELHI,NEW DELHI,03AAICM5508J1ZI,07ABKCS4860N1ZN,39021000,25015498,001581400000054,YESB0000015,779230,140261.4,Tue Apr 22 2025 05:30:00 GMT+0530 (India Standard Time),Confirm Entered Details×Please check and confirm the following details. These details cannot be changed later.Registration TypeUnregisteredStateDELHIDistrictNew DelhiQuantity Sold(MT)10Name of the EntitySHAKTI PLAST CHEM PRIVATE LIMITEDAddressNEW DELHIGST No. of Seller03AAICM5508J1ZIGST No. of Buyer07ABKCS4860N1ZNhsnCode39021000invno25015498Bank Account No001581400000054IFSC CodeYESB0000015Principal Amount(₹)779230GST Amount(₹)140261.4Sales date2025-04-22CancelConfirm,,,,,2026-05-27T07:22:11.455Z,"×
Error
Sales to registered PWP is not allowed !"
15,Unregistered,ANAND TWINES MANUFACTURING PRIVATE LIMITED,NOIDA,UTTAR PRADESH,Gautam Buddha Nagar,03AAICM5508J1ZI,09AAMCA0123H1ZY,39021000,25015543,001581400000054,YESB0000015,1323750,238275,Wed Apr 23 2025 05:30:00 GMT+0530 (India Standard Time),Confirm Entered Details×Please check and confirm the following details. These details cannot be changed later.Registration TypeUnregisteredQuantity Sold(MT)15Name of the EntityANAND TWINES MANUFACTURING PRIVATE LIMITEDAddressNOIDAStateUTTAR PRADESHDistrictGautam Buddha NagarGST No. of Seller03AAICM5508J1ZIGST No. of Buyer09AAMCA0123H1ZYhsnCode39021000invno25015543Bank Account No001581400000054IFSC CodeYESB0000015Principal Amount(₹)1323750GST Amount(₹)238275Sales date2025-04-23CancelConfirm,,,,,2026-05-27T07:22:17.544Z,"×
Error
Sales to registered PWP is not allowed !"
10,Unregistered,PEECO POLYTECH PRIVATE LIMITED,SONIPAT,HARYANA,SONIPAT,03AAICM5508J1ZI,06AAECP9388H2ZV,39021000,25015544,001581400000054,YESB0000015,820000,147600,Wed Apr 23 2025 05:30:00 GMT+0530 (India Standard Time),Confirm Entered Details×Please check and confirm the following details. These details cannot be changed later.Registration TypeUnregisteredQuantity Sold(MT)10Name of the EntityPEECO POLYTECH PRIVATE LIMITEDAddressSONIPATStateHARYANADistrictSonipatGST No. of Seller03AAICM5508J1ZIGST No. of Buyer06AAECP9388H2ZVhsnCode39021000invno25015544Bank Account No001581400000054IFSC CodeYESB0000015Principal Amount(₹)820000GST Amount(₹)147600Sales date2025-04-23CancelConfirm,,,,,2026-05-27T07:22:23.714Z,"×
Error
Sales to registered PWP is not allowed !"
10,Unregistered,SHAKTI PLAST CHEM PRIVATE LIMITED,NEW DELHI,DELHI,NEW DELHI,03AAICM5508J1ZI,07ABKCS4860N1ZN,39021000,25015545,001581400000054,YESB0000015,783700,141066,Wed Apr 23 2025 05:30:00 GMT+0530 (India Standard Time),Confirm Entered Details×Please check and confirm the following details. These details cannot be changed later.Registration TypeUnregisteredQuantity Sold(MT)10Name of the EntitySHAKTI PLAST CHEM PRIVATE LIMITEDAddressNEW DELHIStateDELHIDistrictNew DelhiGST No. of Seller03AAICM5508J1ZIGST No. of Buyer07ABKCS4860N1ZNhsnCode39021000invno25015545Bank Account No001581400000054IFSC CodeYESB0000015Principal Amount(₹)783700GST Amount(₹)141066Sales date2025-04-23CancelConfirm,,,,,2026-05-27T07:22:29.626Z,"×
Error
Sales to registered PWP is not allowed !"
10,Unregistered,SHAKTI PLAST CHEM PRIVATE LIMITED,NEW DELHI,DELHI,NEW DELHI,03AAICM5508J1ZI,07ABKCS4860N1ZN,39021000,25015590,001581400000054,YESB0000015,781630,140693.4,Thu Apr 24 2025 05:30:00 GMT+0530 (India Standard Time),Confirm Entered Details×Please check and confirm the following details. These details cannot be changed later.Registration TypeUnregisteredStateDELHIDistrictNew DelhiQuantity Sold(MT)10Name of the EntitySHAKTI PLAST CHEM PRIVATE LIMITEDAddressNEW DELHIGST No. of Seller03AAICM5508J1ZIGST No. of Buyer07ABKCS4860N1ZNhsnCode39021000invno25015590Bank Account No001581400000054IFSC CodeYESB0000015Principal Amount(₹)781630GST Amount(₹)140693.4Sales date2025-04-24CancelConfirm,,,,,2026-05-27T07:22:35.458Z,"×
Error
Sales to registered PWP is not allowed !"
10,Unregistered,SHAKTI PLAST CHEM PRIVATE LIMITED,NEW DELHI,DELHI,NEW DELHI,03AAICM5508J1ZI,07ABKCS4860N1ZN,39021000,25015628,001581400000054,YESB0000015,783685.5,141063.39,Fri Apr 25 2025 05:30:00 GMT+0530 (India Standard Time),Confirm Entered Details×Please check and confirm the following details. These details cannot be changed later.Registration TypeUnregisteredStateDELHIDistrictNew DelhiQuantity Sold(MT)10Name of the EntitySHAKTI PLAST CHEM PRIVATE LIMITEDAddressNEW DELHIGST No. of Seller03AAICM5508J1ZIGST No. of Buyer07ABKCS4860N1ZNhsnCode39021000invno25015628Bank Account No001581400000054IFSC CodeYESB0000015Principal Amount(₹)783685.5GST Amount(₹)141063.39Sales date2025-04-25CancelConfirm,,,,,2026-05-27T07:22:41.376Z,"×
Error
Sales to registered PWP is not allowed !"
10,Unregistered,SHAKTI PLAST CHEM PRIVATE LIMITED,NEW DELHI,DELHI,NEW DELHI,03AAICM5508J1ZI,07ABKCS4860N1ZN,39021000,25015774,001581400000054,YESB0000015,800980,144176.4,Tue Apr 29 2025 05:30:00 GMT+0530 (India Standard Time),Confirm Entered Details×Please check and confirm the following details. These details cannot be changed later.Registration TypeUnregisteredStateDELHIDistrictNew DelhiQuantity Sold(MT)10Name of the EntitySHAKTI PLAST CHEM PRIVATE LIMITEDAddressNEW DELHIGST No. of Seller03AAICM5508J1ZIGST No. of Buyer07ABKCS4860N1ZNhsnCode39021000invno25015774Bank Account No001581400000054IFSC CodeYESB0000015Principal Amount(₹)800980GST Amount(₹)144176.4Sales date2025-04-29CancelConfirm,,,,,2026-05-27T07:22:47.295Z,"×
Error
Sales to registered PWP is not allowed !"
10,Unregistered,SHAKTI PLAST CHEM PRIVATE LIMITED,NEW DELHI,DELHI,NEW DELHI,03AAICM5508J1ZI,07ABKCS4860N1ZN,39021000,25015816,001581400000054,YESB0000015,809334,145680.12,Wed Apr 30 2025 05:30:00 GMT+0530 (India Standard Time),Confirm Entered Details×Please check and confirm the following details. These details cannot be changed later.Registration TypeUnregisteredStateDELHIDistrictNew DelhiQuantity Sold(MT)10Name of the EntitySHAKTI PLAST CHEM PRIVATE LIMITEDAddressNEW DELHIGST No. of Seller03AAICM5508J1ZIGST No. of Buyer07ABKCS4860N1ZNhsnCode39021000invno25015816Bank Account No001581400000054IFSC CodeYESB0000015Principal Amount(₹)809334GST Amount(₹)145680.12Sales date2025-04-30CancelConfirm,,,,,2026-05-27T07:22:53.177Z,"×
Error
Sales to registered PWP is not allowed !"
9,Unregistered,SHAKTI PLAST CHEM PRIVATE LIMITED,NEW DELHI,DELHI,NEW DELHI,03AAICM5508J1ZI,07ABKCS4860N1ZN,39021000,25015825,001581400000054,YESB0000015,721916,129944.88,Wed Apr 30 2025 05:30:00 GMT+0530 (India Standard Time),Confirm Entered Details×Please check and confirm the following details. These details cannot be changed later.Registration TypeUnregisteredStateDELHIDistrictNew DelhiQuantity Sold(MT)9Name of the EntitySHAKTI PLAST CHEM PRIVATE LIMITEDAddressNEW DELHIGST No. of Seller03AAICM5508J1ZIGST No. of Buyer07ABKCS4860N1ZNhsnCode39021000invno25015825Bank Account No001581400000054IFSC CodeYESB0000015Principal Amount(₹)721916GST Amount(₹)129944.88Sales date2025-04-30CancelConfirm,,,,,2026-05-27T07:22:59.041Z,"×
Error
Sales to registered PWP is not allowed !"
10,Unregistered,PEECO POLYTECH PRIVATE LIMITED,SONIPAT,HARYANA,SONIPAT,03AAICM5508J1ZI,06AAECP9388H2ZV,39021000,25015984,001581400000054,YESB0000015,810000,145800,Tue May 06 2025 05:30:00 GMT+0530 (India Standard Time),Confirm Entered Details×Please check and confirm the following details. These details cannot be changed later.Registration TypeUnregisteredQuantity Sold(MT)10Name of the EntityPEECO POLYTECH PRIVATE LIMITEDAddressSONIPATStateHARYANADistrictSonipatGST No. of Seller03AAICM5508J1ZIGST No. of Buyer06AAECP9388H2ZVhsnCode39021000invno25015984Bank Account No001581400000054IFSC CodeYESB0000015Principal Amount(₹)810000GST Amount(₹)145800Sales date2025-05-06CancelConfirm,,,,,2026-05-27T07:23:05.093Z,"×
Error
Sales to registered PWP is not allowed !"
10,Unregistered,SHAKTI PLAST CHEM PRIVATE LIMITED,NEW DELHI,DELHI,NEW DELHI,03AAICM5508J1ZI,07ABKCS4860N1ZN,39021000,25015993,001581400000054,YESB0000015,807260,145306.8,Tue May 06 2025 05:30:00 GMT+0530 (India Standard Time),Confirm Entered Details×Please check and confirm the following details. These details cannot be changed later.Registration TypeUnregisteredQuantity Sold(MT)10Name of the EntitySHAKTI PLAST CHEM PRIVATE LIMITEDAddressNEW DELHIStateDELHIDistrictNew DelhiGST No. of Seller03AAICM5508J1ZIGST No. of Buyer07ABKCS4860N1ZNhsnCode39021000invno25015993Bank Account No001581400000054IFSC CodeYESB0000015Principal Amount(₹)807260GST Amount(₹)145306.8Sales date2025-05-06CancelConfirm,,,,,2026-05-27T07:23:11.159Z,"×
Error
Sales to registered PWP is not allowed !"
16,Unregistered,ANAND TWINES MANUFACTURING PRIVATE LIMITED,NOIDA,UTTAR PRADESH,Gautam Buddha Nagar,03AAICM5508J1ZI,09AAMCA0123H1ZY,39021000,25015996,001581400000054,YESB0000015,1304000,234720,Tue May 06 2025 05:30:00 GMT+0530 (India Standard Time),Confirm Entered Details×Please check and confirm the following details. These details cannot be changed later.Registration TypeUnregisteredQuantity Sold(MT)16Name of the EntityANAND TWINES MANUFACTURING PRIVATE LIMITEDAddressNOIDAStateUTTAR PRADESHDistrictGautam Buddha NagarGST No. of Seller03AAICM5508J1ZIGST No. of Buyer09AAMCA0123H1ZYhsnCode39021000invno25015996Bank Account No001581400000054IFSC CodeYESB0000015Principal Amount(₹)1304000GST Amount(₹)234720Sales date2025-05-06CancelConfirm,,,,,2026-05-27T07:23:17.357Z,"×
Error
Sales to registered PWP is not allowed !"
9,Unregistered,SHAKTI PLAST CHEM PRIVATE LIMITED,NEW DELHI,DELHI,NEW DELHI,03AAICM5508J1ZI,07ABKCS4860N1ZN,39021000,25016050,001581400000054,YESB0000015,674670,121440.6,Thu May 08 2025 05:30:00 GMT+0530 (India Standard Time),Confirm Entered Details×Please check and confirm the following details. These details cannot be changed later.Registration TypeUnregisteredQuantity Sold(MT)9Name of the EntitySHAKTI PLAST CHEM PRIVATE LIMITEDAddressNEW DELHIStateDELHIDistrictNew DelhiGST No. of Seller03AAICM5508J1ZIGST No. of Buyer07ABKCS4860N1ZNhsnCode39021000invno25016050Bank Account No001581400000054IFSC CodeYESB0000015Principal Amount(₹)674670GST Amount(₹)121440.6Sales date2025-05-08CancelConfirm,,,,,2026-05-27T07:23:23.479Z,"×
Error
Sales to registered PWP is not allowed !"
9,Unregistered,SHAKTI PLAST CHEM PRIVATE LIMITED,NEW DELHI,DELHI,NEW DELHI,03AAICM5508J1ZI,07ABKCS4860N1ZN,39021000,25016092,001581400000054,YESB0000015,727444.5,130940.01,Fri May 09 2025 05:30:00 GMT+0530 (India Standard Time),Confirm Entered Details×Please check and confirm the following details. These details cannot be changed later.Registration TypeUnregisteredStateDELHIDistrictNew DelhiQuantity Sold(MT)9Name of the EntitySHAKTI PLAST CHEM PRIVATE LIMITEDAddressNEW DELHIGST No. of Seller03AAICM5508J1ZIGST No. of Buyer07ABKCS4860N1ZNhsnCode39021000invno25016092Bank Account No001581400000054IFSC CodeYESB0000015Principal Amount(₹)727444.5GST Amount(₹)130940.01Sales date2025-05-09CancelConfirm,,,,,2026-05-27T07:23:29.346Z,"×
Error
Sales to registered PWP is not allowed !"
15,Unregistered,SHAKTI POLYMERS,NEW DELHI,DELHI,NEW DELHI,03AAICM5508J1ZI,07AAGPJ3138C1Z5,39021000,25016132,001581400000054,YESB0000015,1260000,226800,Sat May 10 2025 05:30:00 GMT+0530 (India Standard Time),Confirm Entered Details×Please check and confirm the following details. These details cannot be changed later.Registration TypeUnregisteredStateDELHIDistrictNew DelhiQuantity Sold(MT)15Name of the EntitySHAKTI POLYMERSAddressNEW DELHIGST No. of Seller03AAICM5508J1ZIGST No. of Buyer07AAGPJ3138C1Z5hsnCode39021000invno25016132Bank Account No001581400000054IFSC CodeYESB0000015Principal Amount(₹)1260000GST Amount(₹)226800Sales date2025-05-10CancelConfirm,,,,,2026-05-27T07:23:35.486Z,"×
Error
Sales to registered PWP is not allowed !"
15,Unregistered,ANAND TWINES MANUFACTURING PRIVATE LIMITED,NOIDA,UTTAR PRADESH,Gautam Buddha Nagar,03AAICM5508J1ZI,09AAMCA0123H1ZY,39021000,25016133,001581400000054,YESB0000015,1323750,238275,Sat May 10 2025 05:30:00 GMT+0530 (India Standard Time),Confirm Entered Details×Please check and confirm the following details. These details cannot be changed later.Registration TypeUnregisteredQuantity Sold(MT)15Name of the EntityANAND TWINES MANUFACTURING PRIVATE LIMITEDAddressNOIDAStateUTTAR PRADESHDistrictGautam Buddha NagarGST No. of Seller03AAICM5508J1ZIGST No. of Buyer09AAMCA0123H1ZYhsnCode39021000invno25016133Bank Account No001581400000054IFSC CodeYESB0000015Principal Amount(₹)1323750GST Amount(₹)238275Sales date2025-05-10CancelConfirm,,,,,2026-05-27T07:23:41.583Z,"×
Error
Sales to registered PWP is not allowed !"
10,Unregistered,ANAND TWINES MANUFACTURING PRIVATE LIMITED,NOIDA,UTTAR PRADESH,Gautam Buddha Nagar,03AAICM5508J1ZI,09AAMCA0123H1ZY,39021000,25016169,001581400000054,YESB0000015,882500,158850,Mon May 12 2025 05:30:00 GMT+0530 (India Standard Time),Confirm Entered Details×Please check and confirm the following details. These details cannot be changed later.Registration TypeUnregisteredStateUTTAR PRADESHDistrictGautam Buddha NagarQuantity Sold(MT)10Name of the EntityANAND TWINES MANUFACTURING PRIVATE LIMITEDAddressNOIDAGST No. of Seller03AAICM5508J1ZIGST No. of Buyer09AAMCA0123H1ZYhsnCode39021000invno25016169Bank Account No001581400000054IFSC CodeYESB0000015Principal Amount(₹)882500GST Amount(₹)158850Sales date2025-05-12CancelConfirm,,,,,2026-05-27T07:23:47.484Z,"×
Error
Sales to registered PWP is not allowed !"
15,Unregistered,PEECO POLYTECH PRIVATE LIMITED,SONIPAT,HARYANA,SONIPAT,03AAICM5508J1ZI,06AAECP9388H2ZV,39021000,25016170,001581400000054,YESB0000015,1230000,221400,Mon May 12 2025 05:30:00 GMT+0530 (India Standard Time),Confirm Entered Details×Please check and confirm the following details. These details cannot be changed later.Registration TypeUnregisteredQuantity Sold(MT)15Name of the EntityPEECO POLYTECH PRIVATE LIMITEDAddressSONIPATStateHARYANADistrictSonipatGST No. of Seller03AAICM5508J1ZIGST No. of Buyer06AAECP9388H2ZVhsnCode39021000invno25016170Bank Account No001581400000054IFSC CodeYESB0000015Principal Amount(₹)1230000GST Amount(₹)221400Sales date2025-05-12CancelConfirm,,,,,2026-05-27T07:23:53.632Z,"×
Error
Sales to registered PWP is not allowed !"
9,Unregistered,SHAKTI PLAST CHEM PRIVATE LIMITED,NEW DELHI,DELHI,NEW DELHI,03AAICM5508J1ZI,07ABKCS4860N1ZN,39021000,25016207,001581400000054,YESB0000015,712162.5,128189.25,Tue May 13 2025 05:30:00 GMT+0530 (India Standard Time),Confirm Entered Details×Please check and confirm the following details. These details cannot be changed later.Registration TypeUnregisteredQuantity Sold(MT)9Name of the EntitySHAKTI PLAST CHEM PRIVATE LIMITEDAddressNEW DELHIStateDELHIDistrictNew DelhiGST No. of Seller03AAICM5508J1ZIGST No. of Buyer07ABKCS4860N1ZNhsnCode39021000invno25016207Bank Account No001581400000054IFSC CodeYESB0000015Principal Amount(₹)712162.5GST Amount(₹)128189.25Sales date2025-05-13CancelConfirm,,,,,2026-05-27T07:23:59.725Z,"×
Error
Sales to registered PWP is not allowed !"
9,Unregistered,SHAKTI PLAST CHEM PRIVATE LIMITED,NEW DELHI,DELHI,NEW DELHI,03AAICM5508J1ZI,07ABKCS4860N1ZN,39021000,25016250,001581400000054,YESB0000015,693667.5,124860.15,Thu May 15 2025 05:30:00 GMT+0530 (India Standard Time),Confirm Entered Details×Please check and confirm the following details. These details cannot be changed later.Registration TypeUnregisteredStateDELHIDistrictNew DelhiQuantity Sold(MT)9Name of the EntitySHAKTI PLAST CHEM PRIVATE LIMITEDAddressNEW DELHIGST No. of Seller03AAICM5508J1ZIGST No. of Buyer07ABKCS4860N1ZNhsnCode39021000invno25016250Bank Account No001581400000054IFSC CodeYESB0000015Principal Amount(₹)693667.5GST Amount(₹)124860.15Sales date2025-05-15CancelConfirm,,,,,2026-05-27T07:24:05.576Z,"×
Error
Sales to registered PWP is not allowed !"
9,Unregistered,SHAKTI PLAST CHEM PRIVATE LIMITED,NEW DELHI,DELHI,NEW DELHI,03AAICM5508J1ZI,07ABKCS4860N1ZN,39021000,25016251,001581400000054,YESB0000015,684000,123120,Thu May 15 2025 05:30:00 GMT+0530 (India Standard Time),Confirm Entered Details×Please check and confirm the following details. These details cannot be changed later.Registration TypeUnregisteredStateDELHIDistrictNew DelhiQuantity Sold(MT)9Name of the EntitySHAKTI PLAST CHEM PRIVATE LIMITEDAddressNEW DELHIGST No. of Seller03AAICM5508J1ZIGST No. of Buyer07ABKCS4860N1ZNhsnCode39021000invno25016251Bank Account No001581400000054IFSC CodeYESB0000015Principal Amount(₹)684000GST Amount(₹)123120Sales date2025-05-15CancelConfirm,,,,,2026-05-27T07:24:11.559Z,"×
Error
Sales to registered PWP is not allowed !"
9,Unregistered,SHAKTI PLAST CHEM PRIVATE LIMITED,NEW DELHI,DELHI,NEW DELHI,03AAICM5508J1ZI,07ABKCS4860N1ZN,39021000,25016298,001581400000054,YESB0000015,687594,123766.92,Fri May 16 2025 05:30:00 GMT+0530 (India Standard Time),Confirm Entered Details×Please check and confirm the following details. These details cannot be changed later.Registration TypeUnregisteredStateDELHIDistrictNew DelhiQuantity Sold(MT)9Name of the EntitySHAKTI PLAST CHEM PRIVATE LIMITEDAddressNEW DELHIGST No. of Seller03AAICM5508J1ZIGST No. of Buyer07ABKCS4860N1ZNhsnCode39021000invno25016298Bank Account No001581400000054IFSC CodeYESB0000015Principal Amount(₹)687594GST Amount(₹)123766.92Sales date2025-05-16CancelConfirm,,,,,2026-05-27T07:24:17.489Z,"×
Error
Sales to registered PWP is not allowed !"
10,Unregistered,SHAKTI PLAST CHEM PRIVATE LIMITED,NEW DELHI,DELHI,NEW DELHI,03AAICM5508J1ZI,07ABKCS4860N1ZN,39021000,25016326,001581400000054,YESB0000015,789980,142196.4,Sat May 17 2025 05:30:00 GMT+0530 (India Standard Time),Confirm Entered Details×Please check and confirm the following details. These details cannot be changed later.Registration TypeUnregisteredStateDELHIDistrictNew DelhiQuantity Sold(MT)10Name of the EntitySHAKTI PLAST CHEM PRIVATE LIMITEDAddressNEW DELHIGST No. of Seller03AAICM5508J1ZIGST No. of Buyer07ABKCS4860N1ZNhsnCode39021000invno25016326Bank Account No001581400000054IFSC CodeYESB0000015Principal Amount(₹)789980GST Amount(₹)142196.4Sales date2025-05-17CancelConfirm,,,,,2026-05-27T07:24:23.406Z,"×
Error
Sales to registered PWP is not allowed !"
10,Unregistered,PEECO POLYTECH PRIVATE LIMITED,SONIPAT,HARYANA,SONIPAT,03AAICM5508J1ZI,06AAECP9388H2ZV,39021000,25016351,001581400000054,YESB0000015,800000,144000,Sun May 18 2025 05:30:00 GMT+0530 (India Standard Time),Confirm Entered Details×Please check and confirm the following details. These details cannot be changed later.Registration TypeUnregisteredQuantity Sold(MT)10Name of the EntityPEECO POLYTECH PRIVATE LIMITEDAddressSONIPATStateHARYANADistrictSonipatGST No. of Seller03AAICM5508J1ZIGST No. of Buyer06AAECP9388H2ZVhsnCode39021000invno25016351Bank Account No001581400000054IFSC CodeYESB0000015Principal Amount(₹)800000GST Amount(₹)144000Sales date2025-05-18CancelConfirm,,,,,2026-05-27T07:24:29.597Z,"×
Error
Sales to registered PWP is not allowed !"
10,Unregistered,PEECO POLYTECH PRIVATE LIMITED,SONIPAT,HARYANA,SONIPAT,03AAICM5508J1ZI,06AAECP9388H2ZV,39021000,25016352,001581400000054,YESB0000015,800000,144000,Sun May 18 2025 05:30:00 GMT+0530 (India Standard Time),Confirm Entered Details×Please check and confirm the following details. These details cannot be changed later.Registration TypeUnregisteredStateHARYANADistrictSonipatQuantity Sold(MT)10Name of the EntityPEECO POLYTECH PRIVATE LIMITEDAddressSONIPATGST No. of Seller03AAICM5508J1ZIGST No. of Buyer06AAECP9388H2ZVhsnCode39021000invno25016352Bank Account No001581400000054IFSC CodeYESB0000015Principal Amount(₹)800000GST Amount(₹)144000Sales date2025-05-18CancelConfirm,,,,,2026-05-27T07:24:35.522Z,"×
Error
Sales to registered PWP is not allowed !"
10,Unregistered,SHAKTI PLAST CHEM PRIVATE LIMITED,NEW DELHI,DELHI,NEW DELHI,03AAICM5508J1ZI,07ABKCS4860N1ZN,39021000,25016438,001581400000054,YESB0000015,785120,141321.6,Wed May 21 2025 05:30:00 GMT+0530 (India Standard Time),Confirm Entered Details×Please check and confirm the following details. These details cannot be changed later.Registration TypeUnregisteredQuantity Sold(MT)10Name of the EntitySHAKTI PLAST CHEM PRIVATE LIMITEDAddressNEW DELHIStateDELHIDistrictNew DelhiGST No. of Seller03AAICM5508J1ZIGST No. of Buyer07ABKCS4860N1ZNhsnCode39021000invno25016438Bank Account No001581400000054IFSC CodeYESB0000015Principal Amount(₹)785120GST Amount(₹)141321.6Sales date2025-05-21CancelConfirm,,,,,2026-05-27T07:24:41.628Z,"×
Error
Sales to registered PWP is not allowed !"
9,Unregistered,SHAKTI PLAST CHEM PRIVATE LIMITED,NEW DELHI,DELHI,NEW DELHI,03AAICM5508J1ZI,07ABKCS4860N1ZN,39021000,25016470,001581400000054,YESB0000015,730260,131446.8,Thu May 22 2025 05:30:00 GMT+0530 (India Standard Time),Confirm Entered Details×Please check and confirm the following details. These details cannot be changed later.Registration TypeUnregisteredStateDELHIDistrictNew DelhiQuantity Sold(MT)9Name of the EntitySHAKTI PLAST CHEM PRIVATE LIMITEDAddressNEW DELHIGST No. of Seller03AAICM5508J1ZIGST No. of Buyer07ABKCS4860N1ZNhsnCode39021000invno25016470Bank Account No001581400000054IFSC CodeYESB0000015Principal Amount(₹)730260GST Amount(₹)131446.8Sales date2025-05-22CancelConfirm,,,,,2026-05-27T07:24:47.587Z,"×
Error
Sales to registered PWP is not allowed !"
9,Unregistered,SHAKTI PLAST CHEM PRIVATE LIMITED,NEW DELHI,DELHI,NEW DELHI,03AAICM5508J1ZI,07ABKCS4860N1ZN,39021000,25016488,001581400000054,YESB0000015,730260,131446.8,Thu May 22 2025 05:30:00 GMT+0530 (India Standard Time),Confirm Entered Details×Please check and confirm the following details. These details cannot be changed later.Registration TypeUnregisteredStateDELHIDistrictNew DelhiQuantity Sold(MT)9Name of the EntitySHAKTI PLAST CHEM PRIVATE LIMITEDAddressNEW DELHIGST No. of Seller03AAICM5508J1ZIGST No. of Buyer07ABKCS4860N1ZNhsnCode39021000invno25016488Bank Account No001581400000054IFSC CodeYESB0000015Principal Amount(₹)730260GST Amount(₹)131446.8Sales date2025-05-22CancelConfirm,,,,,2026-05-27T07:24:53.504Z,"×
Error
Sales to registered PWP is not allowed !"
10,Unregistered,SHAKTI POLYMERS,NEW DELHI,DELHI,NEW DELHI,03AAICM5508J1ZI,07AAGPJ3138C1Z5,39021000,25016508,001581400000054,YESB0000015,820000,147600,Fri May 23 2025 05:30:00 GMT+0530 (India Standard Time),Confirm Entered Details×Please check and confirm the following details. These details cannot be changed later.Registration TypeUnregisteredStateDELHIDistrictNew DelhiQuantity Sold(MT)10Name of the EntitySHAKTI POLYMERSAddressNEW DELHIGST No. of Seller03AAICM5508J1ZIGST No. of Buyer07AAGPJ3138C1Z5hsnCode39021000invno25016508Bank Account No001581400000054IFSC CodeYESB0000015Principal Amount(₹)820000GST Amount(₹)147600Sales date2025-05-23CancelConfirm,,,,,2026-05-27T07:24:59.427Z,"×
Error
Sales to registered PWP is not allowed !"
15,Unregistered,ANAND TWINES MANUFACTURING PRIVATE LIMITED,NOIDA,UTTAR PRADESH,Gautam Buddha Nagar,03AAICM5508J1ZI,09AAMCA0123H1ZY,39021000,25016509,001581400000054,YESB0000015,1293750,232875,Fri May 23 2025 05:30:00 GMT+0530 (India Standard Time),Confirm Entered Details×Please check and confirm the following details. These details cannot be changed later.Registration TypeUnregisteredQuantity Sold(MT)15Name of the EntityANAND TWINES MANUFACTURING PRIVATE LIMITEDAddressNOIDAStateUTTAR PRADESHDistrictGautam Buddha NagarGST No. of Seller03AAICM5508J1ZIGST No. of Buyer09AAMCA0123H1ZYhsnCode39021000invno25016509Bank Account No001581400000054IFSC CodeYESB0000015Principal Amount(₹)1293750GST Amount(₹)232875Sales date2025-05-23CancelConfirm,,,,,2026-05-27T07:25:05.589Z,"×
Error
Sales to registered PWP is not allowed !"
9,Unregistered,SHAKTI PLAST CHEM PRIVATE LIMITED,NEW DELHI,DELHI,NEW DELHI,03AAICM5508J1ZI,07ABKCS4860N1ZN,39021000,25016514,001581400000054,YESB0000015,693160,124768.8,Fri May 23 2025 05:30:00 GMT+0530 (India Standard Time),Confirm Entered Details×Please check and confirm the following details. These details cannot be changed later.Registration TypeUnregisteredQuantity Sold(MT)9Name of the EntitySHAKTI PLAST CHEM PRIVATE LIMITEDAddressNEW DELHIStateDELHIDistrictNew DelhiGST No. of Seller03AAICM5508J1ZIGST No. of Buyer07ABKCS4860N1ZNhsnCode39021000invno25016514Bank Account No001581400000054IFSC CodeYESB0000015Principal Amount(₹)693160GST Amount(₹)124768.8Sales date2025-05-23CancelConfirm,,,,,2026-05-27T07:25:11.744Z,"×
Error
Sales to registered PWP is not allowed !"
10,Unregistered,SHAKTI PLAST CHEM PRIVATE LIMITED,NEW DELHI,DELHI,NEW DELHI,03AAICM5508J1ZI,07ABKCS4860N1ZN,39021000,25016535,001581400000054,YESB0000015,811400,146052,Sat May 24 2025 05:30:00 GMT+0530 (India Standard Time),Confirm Entered Details×Please check and confirm the following details. These details cannot be changed later.Registration TypeUnregisteredStateDELHIDistrictNew DelhiQuantity Sold(MT)10Name of the EntitySHAKTI PLAST CHEM PRIVATE LIMITEDAddressNEW DELHIGST No. of Seller03AAICM5508J1ZIGST No. of Buyer07ABKCS4860N1ZNhsnCode39021000invno25016535Bank Account No001581400000054IFSC CodeYESB0000015Principal Amount(₹)811400GST Amount(₹)146052Sales date2025-05-24CancelConfirm,,,,,2026-05-27T07:25:17.668Z,"×
Error
Sales to registered PWP is not allowed !"
15,Unregistered,SHAKTI PLAST CHEM PRIVATE LIMITED,NEW DELHI,DELHI,NEW DELHI,03AAICM5508J1ZI,07ABKCS4860N1ZN,39021000,25016595,001581400000054,YESB0000015,1217100,219078,Tue May 27 2025 05:30:00 GMT+0530 (India Standard Time),Confirm Entered Details×Please check and confirm the following details. These details cannot be changed later.Registration TypeUnregisteredStateDELHIDistrictNew DelhiQuantity Sold(MT)15Name of the EntitySHAKTI PLAST CHEM PRIVATE LIMITEDAddressNEW DELHIGST No. of Seller03AAICM5508J1ZIGST No. of Buyer07ABKCS4860N1ZNhsnCode39021000invno25016595Bank Account No001581400000054IFSC CodeYESB0000015Principal Amount(₹)1217100GST Amount(₹)219078Sales date2025-05-27CancelConfirm,,,,,2026-05-27T07:25:23.725Z,"×
Error
Sales to registered PWP is not allowed !"
10,Unregistered,SHAKTI PLAST CHEM PRIVATE LIMITED,NEW DELHI,DELHI,NEW DELHI,03AAICM5508J1ZI,07ABKCS4860N1ZN,39021000,25016622,001581400000054,YESB0000015,775700,139626,Wed May 28 2025 05:30:00 GMT+0530 (India Standard Time),Confirm Entered Details×Please check and confirm the following details. These details cannot be changed later.Registration TypeUnregisteredStateDELHIDistrictNew DelhiQuantity Sold(MT)10Name of the EntitySHAKTI PLAST CHEM PRIVATE LIMITEDAddressNEW DELHIGST No. of Seller03AAICM5508J1ZIGST No. of Buyer07ABKCS4860N1ZNhsnCode39021000invno25016622Bank Account No001581400000054IFSC CodeYESB0000015Principal Amount(₹)775700GST Amount(₹)139626Sales date2025-05-28CancelConfirm,,,,,2026-05-27T07:25:29.702Z,"×
Error
Sales to registered PWP is not allowed !"
10,Unregistered,SHAKTI PLAST CHEM PRIVATE LIMITED,NEW DELHI,DELHI,NEW DELHI,03AAICM5508J1ZI,07ABKCS4860N1ZN,39021000,25016633,001581400000054,YESB0000015,776620,139791.6,Wed May 28 2025 05:30:00 GMT+0530 (India Standard Time),Confirm Entered Details×Please check and confirm the following details. These details cannot be changed later.Registration TypeUnregisteredStateDELHIDistrictNew DelhiQuantity Sold(MT)10Name of the EntitySHAKTI PLAST CHEM PRIVATE LIMITEDAddressNEW DELHIGST No. of Seller03AAICM5508J1ZIGST No. of Buyer07ABKCS4860N1ZNhsnCode39021000invno25016633Bank Account No001581400000054IFSC CodeYESB0000015Principal Amount(₹)776620GST Amount(₹)139791.6Sales date2025-05-28CancelConfirm,,,,,2026-05-27T07:25:35.596Z,"×
Error
Sales to registered PWP is not allowed !"
15,Unregistered,ANAND TWINES MANUFACTURING PRIVATE LIMITED,NOIDA,UTTAR PRADESH,Gautam Buddha Nagar,03AAICM5508J1ZI,09AAMCA0123H1ZY,39021000,25016635,001581400000054,YESB0000015,1293750,232875,Wed May 28 2025 05:30:00 GMT+0530 (India Standard Time),Confirm Entered Details×Please check and confirm the following details. These details cannot be changed later.Registration TypeUnregisteredQuantity Sold(MT)15Name of the EntityANAND TWINES MANUFACTURING PRIVATE LIMITEDAddressNOIDAStateUTTAR PRADESHDistrictGautam Buddha NagarGST No. of Seller03AAICM5508J1ZIGST No. of Buyer09AAMCA0123H1ZYhsnCode39021000invno25016635Bank Account No001581400000054IFSC CodeYESB0000015Principal Amount(₹)1293750GST Amount(₹)232875Sales date2025-05-28CancelConfirm,,,,,2026-05-27T07:25:41.826Z,"×
Error
Sales to registered PWP is not allowed !"
10.5,Unregistered,PEECO POLYTECH PRIVATE LIMITED,SONIPAT,HARYANA,SONIPAT,03AAICM5508J1ZI,06AAECP9388H2ZV,39021000,25016636,001581400000054,YESB0000015,834000,150120,Wed May 28 2025 05:30:00 GMT+0530 (India Standard Time),Confirm Entered Details×Please check and confirm the following details. These details cannot be changed later.Registration TypeUnregisteredQuantity Sold(MT)10.5Name of the EntityPEECO POLYTECH PRIVATE LIMITEDAddressSONIPATStateHARYANADistrictSonipatGST No. of Seller03AAICM5508J1ZIGST No. of Buyer06AAECP9388H2ZVhsnCode39021000invno25016636Bank Account No001581400000054IFSC CodeYESB0000015Principal Amount(₹)834000GST Amount(₹)150120Sales date2025-05-28CancelConfirm,,,,,2026-05-27T07:25:47.970Z,"×
Error
Sales to registered PWP is not allowed !"
10,Unregistered,SHAKTI PLAST CHEM PRIVATE LIMITED,NEW DELHI,DELHI,NEW DELHI,03AAICM5508J1ZI,07ABKCS4860N1ZN,39021000,25016724,001581400000054,YESB0000015,798260,143686.8,Fri May 30 2025 05:30:00 GMT+0530 (India Standard Time),Confirm Entered Details×Please check and confirm the following details. These details cannot be changed later.Registration TypeUnregisteredQuantity Sold(MT)10Name of the EntitySHAKTI PLAST CHEM PRIVATE LIMITEDAddressNEW DELHIStateDELHIDistrictNew DelhiGST No. of Seller03AAICM5508J1ZIGST No. of Buyer07ABKCS4860N1ZNhsnCode39021000invno25016724Bank Account No001581400000054IFSC CodeYESB0000015Principal Amount(₹)798260GST Amount(₹)143686.8Sales date2025-05-30CancelConfirm,,,,,2026-05-27T07:25:54.063Z,"×
Error
Sales to registered PWP is not allowed !"
10,Unregistered,SHAKTI PLAST CHEM PRIVATE LIMITED,NEW DELHI,DELHI,NEW DELHI,03AAICM5508J1ZI,07ABKCS4860N1ZN,39021000,25016775,001581400000054,YESB0000015,794975,143095.5,Sat May 31 2025 05:30:00 GMT+0530 (India Standard Time),Confirm Entered Details×Please check and confirm the following details. These details cannot be changed later.Registration TypeUnregisteredStateDELHIDistrictNew DelhiQuantity Sold(MT)10Name of the EntitySHAKTI PLAST CHEM PRIVATE LIMITEDAddressNEW DELHIGST No. of Seller03AAICM5508J1ZIGST No. of Buyer07ABKCS4860N1ZNhsnCode39021000invno25016775Bank Account No001581400000054IFSC CodeYESB0000015Principal Amount(₹)794975GST Amount(₹)143095.5Sales date2025-05-31CancelConfirm,,,,,2026-05-27T07:25:59.969Z,"×
Error
Sales to registered PWP is not allowed !"
10,Unregistered,SHAKTI PLAST CHEM PRIVATE LIMITED,NEW DELHI,DELHI,NEW DELHI,03AAICM5508J1ZI,07ABKCS4860N1ZN,39021000,25016860,001581400000054,YESB0000015,778550,140139,Tue Jun 03 2025 05:30:00 GMT+0530 (India Standard Time),Confirm Entered Details×Please check and confirm the following details. These details cannot be changed later.Registration TypeUnregisteredQuantity Sold(MT)10Name of the EntitySHAKTI PLAST CHEM PRIVATE LIMITEDAddressNEW DELHIStateDELHIDistrictNew DelhiGST No. of Seller03AAICM5508J1ZIGST No. of Buyer07ABKCS4860N1ZNhsnCode39021000invno25016860Bank Account No001581400000054IFSC CodeYESB0000015Principal Amount(₹)778550GST Amount(₹)140139Sales date2025-06-03CancelConfirm,,,,,2026-05-27T07:26:10.184Z,"×
Error
Sales to registered PWP is not allowed !"
9,Unregistered,SHAKTI PLAST CHEM PRIVATE LIMITED,NEW DELHI,DELHI,NEW DELHI,03AAICM5508J1ZI,07ABKCS4860N1ZN,39021000,25016937,001581400000054,YESB0000015,730260,131446.8,Fri Jun 06 2025 05:30:00 GMT+0530 (India Standard Time),Confirm Entered Details×Please check and confirm the following details. These details cannot be changed later.Registration TypeUnregisteredStateDELHIDistrictNew DelhiQuantity Sold(MT)9Name of the EntitySHAKTI PLAST CHEM PRIVATE LIMITEDAddressNEW DELHIGST No. of Seller03AAICM5508J1ZIGST No. of Buyer07ABKCS4860N1ZNhsnCode39021000invno25016937Bank Account No001581400000054IFSC CodeYESB0000015Principal Amount(₹)730260GST Amount(₹)131446.8Sales date2025-06-06CancelConfirm,,,,,2026-05-27T07:26:16.050Z,"×
Error
Sales to registered PWP is not allowed !"
9.45,Unregistered,DALMIA TEA MARKETING P LTD,GHAZIABAD,UTTAR PRADESH,GHAZIABAD,03AAICM5508J1ZI,09AABCD4494R1ZV,39021000,25016938,001581400000054,YESB0000015,434700,78246,Fri Jun 06 2025 05:30:00 GMT+0530 (India Standard Time),Confirm Entered Details×Please check and confirm the following details. These details cannot be changed later.Registration TypeUnregisteredQuantity Sold(MT)9.45Name of the EntityDALMIA TEA MARKETING P LTDAddressGHAZIABADStateUTTAR PRADESHDistrictGhaziabadGST No. of Seller03AAICM5508J1ZIGST No. of Buyer09AABCD4494R1ZVhsnCode39021000invno25016938Bank Account No001581400000054IFSC CodeYESB0000015Principal Amount(₹)434700GST Amount(₹)78246Sales date2025-06-06CancelConfirm,,,,,2026-05-27T07:26:22.196Z,"×
Error
Sales to registered PWP is not allowed !"
15,Unregistered,ANAND TWINES MANUFACTURING PRIVATE LIMITED,NOIDA,UTTAR PRADESH,Gautam Buddha Nagar,03AAICM5508J1ZI,09AAMCA0123H1ZY,39021000,25016965,001581400000054,YESB0000015,1293750,232875,Sat Jun 07 2025 05:30:00 GMT+0530 (India Standard Time),Confirm Entered Details×Please check and confirm the following details. These details cannot be changed later.Registration TypeUnregisteredStateUTTAR PRADESHQuantity Sold(MT)15Name of the EntityANAND TWINES MANUFACTURING PRIVATE LIMITEDAddressNOIDADistrictGautam Buddha NagarGST No. of Seller03AAICM5508J1ZIGST No. of Buyer09AAMCA0123H1ZYhsnCode39021000invno25016965Bank Account No001581400000054IFSC CodeYESB0000015Principal Amount(₹)1293750GST Amount(₹)232875Sales date2025-06-07CancelConfirm,,,,,2026-05-27T07:26:28.132Z,"×
Error
Sales to registered PWP is not allowed !"
10,Unregistered,SHAKTI PLAST CHEM PRIVATE LIMITED,NEW DELHI,DELHI,NEW DELHI,03AAICM5508J1ZI,07ABKCS4860N1ZN,39021000,25016967,001581400000054,YESB0000015,760700,136926,Sat Jun 07 2025 05:30:00 GMT+0530 (India Standard Time),Confirm Entered Details×Please check and confirm the following details. These details cannot be changed later.Registration TypeUnregisteredQuantity Sold(MT)10Name of the EntitySHAKTI PLAST CHEM PRIVATE LIMITEDAddressNEW DELHIStateDELHIDistrictNew DelhiGST No. of Seller03AAICM5508J1ZIGST No. of Buyer07ABKCS4860N1ZNhsnCode39021000invno25016967Bank Account No001581400000054IFSC CodeYESB0000015Principal Amount(₹)760700GST Amount(₹)136926Sales date2025-06-07CancelConfirm,,,,,2026-05-27T07:26:34.265Z,"×
Error
Sales to registered PWP is not allowed !"
15,Unregistered,ANAND TWINES MANUFACTURING PRIVATE LIMITED,NOIDA,UTTAR PRADESH,Gautam Buddha Nagar,03AAICM5508J1ZI,09AAMCA0123H1ZY,39021000,25017011,001581400000054,YESB0000015,1293750,232875,Mon Jun 09 2025 05:30:00 GMT+0530 (India Standard Time),Confirm Entered Details×Please check and confirm the following details. These details cannot be changed later.Registration TypeUnregisteredQuantity Sold(MT)15Name of the EntityANAND TWINES MANUFACTURING PRIVATE LIMITEDAddressNOIDAStateUTTAR PRADESHDistrictGautam Buddha NagarGST No. of Seller03AAICM5508J1ZIGST No. of Buyer09AAMCA0123H1ZYhsnCode39021000invno25017011Bank Account No001581400000054IFSC CodeYESB0000015Principal Amount(₹)1293750GST Amount(₹)232875Sales date2025-06-09CancelConfirm,,,,,2026-05-27T07:26:40.407Z,"×
Error
Sales to registered PWP is not allowed !"
9,Unregistered,SHAKTI PLAST CHEM PRIVATE LIMITED,NEW DELHI,DELHI,NEW DELHI,03AAICM5508J1ZI,07ABKCS4860N1ZN,39021000,25017027,001581400000054,YESB0000015,730260,131446.8,Tue Jun 10 2025 05:30:00 GMT+0530 (India Standard Time),Confirm Entered Details×Please check and confirm the following details. These details cannot be changed later.Registration TypeUnregisteredQuantity Sold(MT)9Name of the EntitySHAKTI PLAST CHEM PRIVATE LIMITEDAddressNEW DELHIStateDELHIDistrictNew DelhiGST No. of Seller03AAICM5508J1ZIGST No. of Buyer07ABKCS4860N1ZNhsnCode39021000invno25017027Bank Account No001581400000054IFSC CodeYESB0000015Principal Amount(₹)730260GST Amount(₹)131446.8Sales date2025-06-10CancelConfirm,,,,,2026-05-27T07:26:46.555Z,"×
Error
Sales to registered PWP is not allowed !"
10,Unregistered,SHAKTI PLAST CHEM PRIVATE LIMITED,NEW DELHI,DELHI,NEW DELHI,03AAICM5508J1ZI,07ABKCS4860N1ZN,39021000,25017063,001581400000054,YESB0000015,798260,143686.8,Wed Jun 11 2025 05:30:00 GMT+0530 (India Standard Time),Confirm Entered Details×Please check and confirm the following details. These details cannot be changed later.Registration TypeUnregisteredStateDELHIDistrictNew DelhiQuantity Sold(MT)10Name of the EntitySHAKTI PLAST CHEM PRIVATE LIMITEDAddressNEW DELHIGST No. of Seller03AAICM5508J1ZIGST No. of Buyer07ABKCS4860N1ZNhsnCode39021000invno25017063Bank Account No001581400000054IFSC CodeYESB0000015Principal Amount(₹)798260GST Amount(₹)143686.8Sales date2025-06-11CancelConfirm,,,,,2026-05-27T07:26:52.437Z,"×
Error
Sales to registered PWP is not allowed !"
13.075,Unregistered,PEECO POLYTECH PRIVATE LIMITED,SONIPAT,HARYANA,SONIPAT,03AAICM5508J1ZI,06AAECP9388H2ZV,39021000,25017064,001581400000054,YESB0000015,1046000,188280,Wed Jun 11 2025 05:30:00 GMT+0530 (India Standard Time),Confirm Entered Details×Please check and confirm the following details. These details cannot be changed later.Registration TypeUnregisteredQuantity Sold(MT)13.07Name of the EntityPEECO POLYTECH PRIVATE LIMITEDAddressSONIPATStateHARYANADistrictSonipatGST No. of Seller03AAICM5508J1ZIGST No. of Buyer06AAECP9388H2ZVhsnCode39021000invno25017064Bank Account No001581400000054IFSC CodeYESB0000015Principal Amount(₹)1046000GST Amount(₹)188280Sales date2025-06-11CancelConfirm,,,,,2026-05-27T07:26:58.531Z,"×
Error
Sales to registered PWP is not allowed !"
9,Unregistered,SHAKTI PLAST CHEM PRIVATE LIMITED,NEW DELHI,DELHI,NEW DELHI,03AAICM5508J1ZI,07ABKCS4860N1ZN,39021000,25017100,001581400000054,YESB0000015,703980,126716.4,Thu Jun 12 2025 05:30:00 GMT+0530 (India Standard Time),Confirm Entered Details×Please check and confirm the following details. These details cannot be changed later.Registration TypeUnregisteredQuantity Sold(MT)9Name of the EntitySHAKTI PLAST CHEM PRIVATE LIMITEDAddressNEW DELHIStateDELHIDistrictNew DelhiGST No. of Seller03AAICM5508J1ZIGST No. of Buyer07ABKCS4860N1ZNhsnCode39021000invno25017100Bank Account No001581400000054IFSC CodeYESB0000015Principal Amount(₹)703980GST Amount(₹)126716.4Sales date2025-06-12CancelConfirm,,,,,2026-05-27T07:27:04.594Z,"×
Error
Sales to registered PWP is not allowed !"
10,Unregistered,PEECO POLYTECH PRIVATE LIMITED,SONIPAT,HARYANA,SONIPAT,03AAICM5508J1ZI,06AAECP9388H2ZV,39021000,25017105,001581400000054,YESB0000015,790000,142200,Thu Jun 12 2025 05:30:00 GMT+0530 (India Standard Time),Confirm Entered Details×Please check and confirm the following details. These details cannot be changed later.Registration TypeUnregisteredQuantity Sold(MT)10Name of the EntityPEECO POLYTECH PRIVATE LIMITEDAddressSONIPATStateHARYANADistrictSonipatGST No. of Seller03AAICM5508J1ZIGST No. of Buyer06AAECP9388H2ZVhsnCode39021000invno25017105Bank Account No001581400000054IFSC CodeYESB0000015Principal Amount(₹)790000GST Amount(₹)142200Sales date2025-06-12CancelConfirm,,,,,2026-05-27T07:27:10.704Z,"×
Error
Sales to registered PWP is not allowed !"
9,Unregistered,SHAKTI PLAST CHEM PRIVATE LIMITED,NEW DELHI,DELHI,NEW DELHI,03AAICM5508J1ZI,07ABKCS4860N1ZN,39021000,25017119,001581400000054,YESB0000015,704556,126820.08,Thu Jun 12 2025 05:30:00 GMT+0530 (India Standard Time),Confirm Entered Details×Please check and confirm the following details. These details cannot be changed later.Registration TypeUnregisteredQuantity Sold(MT)9Name of the EntitySHAKTI PLAST CHEM PRIVATE LIMITEDAddressNEW DELHIStateDELHIDistrictNew DelhiGST No. of Seller03AAICM5508J1ZIGST No. of Buyer07ABKCS4860N1ZNhsnCode39021000invno25017119Bank Account No001581400000054IFSC CodeYESB0000015Principal Amount(₹)704556GST Amount(₹)126820.08Sales date2025-06-12CancelConfirm,,,,,2026-05-27T07:27:17.077Z,"×
Error
Sales to registered PWP is not allowed !"
9,Unregistered,SHAKTI PLAST CHEM PRIVATE LIMITED,NEW DELHI,DELHI,NEW DELHI,03AAICM5508J1ZI,07ABKCS4860N1ZN,39021000,25017151,001581400000054,YESB0000015,721760,129916.8,Fri Jun 13 2025 05:30:00 GMT+0530 (India Standard Time),Confirm Entered Details×Please check and confirm the following details. These details cannot be changed later.Registration TypeUnregisteredStateDELHIDistrictNew DelhiQuantity Sold(MT)9Name of the EntitySHAKTI PLAST CHEM PRIVATE LIMITEDAddressNEW DELHIGST No. of Seller03AAICM5508J1ZIGST No. of Buyer07ABKCS4860N1ZNhsnCode39021000invno25017151Bank Account No001581400000054IFSC CodeYESB0000015Principal Amount(₹)721760GST Amount(₹)129916.8Sales date2025-06-13CancelConfirm,,,,,2026-05-27T07:27:23.046Z,"×
Error
Sales to registered PWP is not allowed !"
9,Unregistered,SHAKTI PLAST CHEM PRIVATE LIMITED,NEW DELHI,DELHI,NEW DELHI,03AAICM5508J1ZI,07ABKCS4860N1ZN,39021000,25017272,001581400000054,YESB0000015,708542.5,127537.65,Wed Jun 18 2025 05:30:00 GMT+0530 (India Standard Time),Confirm Entered Details×Please check and confirm the following details. These details cannot be changed later.Registration TypeUnregisteredStateDELHIDistrictNew DelhiQuantity Sold(MT)9Name of the EntitySHAKTI PLAST CHEM PRIVATE LIMITEDAddressNEW DELHIGST No. of Seller03AAICM5508J1ZIGST No. of Buyer07ABKCS4860N1ZNhsnCode39021000invno25017272Bank Account No001581400000054IFSC CodeYESB0000015Principal Amount(₹)708542.5GST Amount(₹)127537.65Sales date2025-06-18CancelConfirm,,,,,2026-05-27T07:27:29.150Z,"×
Error
Sales to registered PWP is not allowed !"
15,Unregistered,SHAKTI POLYMERS,NEW DELHI,DELHI,NEW DELHI,03AAICM5508J1ZI,07AAGPJ3138C1Z5,39021000,25017291,001581400000054,YESB0000015,1230000,221400,Thu Jun 19 2025 05:30:00 GMT+0530 (India Standard Time),Confirm Entered Details×Please check and confirm the following details. These details cannot be changed later.Registration TypeUnregisteredStateDELHIDistrictNew DelhiQuantity Sold(MT)15Name of the EntitySHAKTI POLYMERSAddressNEW DELHIGST No. of Seller03AAICM5508J1ZIGST No. of Buyer07AAGPJ3138C1Z5hsnCode39021000invno25017291Bank Account No001581400000054IFSC CodeYESB0000015Principal Amount(₹)1230000GST Amount(₹)221400Sales date2025-06-19CancelConfirm,,,,,2026-05-27T07:27:35.095Z,"×
Error
Sales to registered PWP is not allowed !"
15,Unregistered,ANAND TWINES MANUFACTURING PRIVATE LIMITED,NOIDA,UTTAR PRADESH,Gautam Buddha Nagar,03AAICM5508J1ZI,09AAMCA0123H1ZY,39021000,25017292,001581400000054,YESB0000015,1215000,218700,Thu Jun 19 2025 05:30:00 GMT+0530 (India Standard Time),Confirm Entered Details×Please check and confirm the following details. These details cannot be changed later.Registration TypeUnregisteredQuantity Sold(MT)15Name of the EntityANAND TWINES MANUFACTURING PRIVATE LIMITEDAddressNOIDAStateUTTAR PRADESHDistrictGautam Buddha NagarGST No. of Seller03AAICM5508J1ZIGST No. of Buyer09AAMCA0123H1ZYhsnCode39021000invno25017292Bank Account No001581400000054IFSC CodeYESB0000015Principal Amount(₹)1215000GST Amount(₹)218700Sales date2025-06-19CancelConfirm,,,,,2026-05-27T07:27:41.327Z,"×
Error
Sales to registered PWP is not allowed !"
15,Unregistered,ANAND TWINES MANUFACTURING PRIVATE LIMITED,NOIDA,UTTAR PRADESH,Gautam Buddha Nagar,03AAICM5508J1ZI,09AAMCA0123H1ZY,39021000,25017337,001581400000054,YESB0000015,1316250,236925,Sat Jun 21 2025 05:30:00 GMT+0530 (India Standard Time),Confirm Entered Details×Please check and confirm the following details. These details cannot be changed later.Registration TypeUnregisteredStateUTTAR PRADESHDistrictGautam Buddha NagarQuantity Sold(MT)15Name of the EntityANAND TWINES MANUFACTURING PRIVATE LIMITEDAddressNOIDAGST No. of Seller03AAICM5508J1ZIGST No. of Buyer09AAMCA0123H1ZYhsnCode39021000invno25017337Bank Account No001581400000054IFSC CodeYESB0000015Principal Amount(₹)1316250GST Amount(₹)236925Sales date2025-06-21CancelConfirm,,,,,2026-05-27T07:27:47.243Z,"×
Error
Sales to registered PWP is not allowed !"
10,Unregistered,SHAKTI PLAST CHEM PRIVATE LIMITED,NEW DELHI,DELHI,NEW DELHI,03AAICM5508J1ZI,07ABKCS4860N1ZN,39021000,25017374,001581400000054,YESB0000015,772700,139086,Sun Jun 22 2025 05:30:00 GMT+0530 (India Standard Time),Confirm Entered Details×Please check and confirm the following details. These details cannot be changed later.Registration TypeUnregisteredQuantity Sold(MT)10Name of the EntitySHAKTI PLAST CHEM PRIVATE LIMITEDAddressNEW DELHIStateDELHIDistrictNew DelhiGST No. of Seller03AAICM5508J1ZIGST No. of Buyer07ABKCS4860N1ZNhsnCode39021000invno25017374Bank Account No001581400000054IFSC CodeYESB0000015Principal Amount(₹)772700GST Amount(₹)139086Sales date2025-06-22CancelConfirm,,,,,2026-05-27T07:27:53.406Z,"×
Error
Sales to registered PWP is not allowed !"
10,Unregistered,SHAKTI PLAST CHEM PRIVATE LIMITED,NEW DELHI,DELHI,NEW DELHI,03AAICM5508J1ZI,07ABKCS4860N1ZN,39021000,25017415,001581400000054,YESB0000015,786980,141656.4,Mon Jun 23 2025 05:30:00 GMT+0530 (India Standard Time),Confirm Entered Details×Please check and confirm the following details. These details cannot be changed later.Registration TypeUnregisteredStateDELHIDistrictNew DelhiQuantity Sold(MT)10Name of the EntitySHAKTI PLAST CHEM PRIVATE LIMITEDAddressNEW DELHIGST No. of Seller03AAICM5508J1ZIGST No. of Buyer07ABKCS4860N1ZNhsnCode39021000invno25017415Bank Account No001581400000054IFSC CodeYESB0000015Principal Amount(₹)786980GST Amount(₹)141656.4Sales date2025-06-23CancelConfirm,,,,,2026-05-27T07:27:59.331Z,"×
Error
Sales to registered PWP is not allowed !"
15,Unregistered,ANAND TWINES MANUFACTURING PRIVATE LIMITED,NOIDA,UTTAR PRADESH,Gautam Buddha Nagar,03AAICM5508J1ZI,09AAMCA0123H1ZY,39021000,25017465,001581400000054,YESB0000015,1316250,236925,Tue Jun 24 2025 05:30:00 GMT+0530 (India Standard Time),Confirm Entered Details×Please check and confirm the following details. These details cannot be changed later.Registration TypeUnregisteredQuantity Sold(MT)15Name of the EntityANAND TWINES MANUFACTURING PRIVATE LIMITEDAddressNOIDAStateUTTAR PRADESHDistrictGautam Buddha NagarGST No. of Seller03AAICM5508J1ZIGST No. of Buyer09AAMCA0123H1ZYhsnCode39021000invno25017465Bank Account No001581400000054IFSC CodeYESB0000015Principal Amount(₹)1316250GST Amount(₹)236925Sales date2025-06-24CancelConfirm,,,,,2026-05-27T07:28:05.500Z,"×
Error
Sales to registered PWP is not allowed !"
15,Unregistered,ANAND TWINES MANUFACTURING PRIVATE LIMITED,NOIDA,UTTAR PRADESH,Gautam Buddha Nagar,03AAICM5508J1ZI,09AAMCA0123H1ZY,39021000,25017480,001581400000054,YESB0000015,1316250,236925,Wed Jun 25 2025 05:30:00 GMT+0530 (India Standard Time),Confirm Entered Details×Please check and confirm the following details. These details cannot be changed later.Registration TypeUnregisteredStateUTTAR PRADESHDistrictGautam Buddha NagarQuantity Sold(MT)15Name of the EntityANAND TWINES MANUFACTURING PRIVATE LIMITEDAddressNOIDAGST No. of Seller03AAICM5508J1ZIGST No. of Buyer09AAMCA0123H1ZYhsnCode39021000invno25017480Bank Account No001581400000054IFSC CodeYESB0000015Principal Amount(₹)1316250GST Amount(₹)236925Sales date2025-06-25CancelConfirm,,,,,2026-05-27T07:28:11.447Z,"×
Error
Sales to registered PWP is not allowed !"
15,Unregistered,PEECO POLYTECH PRIVATE LIMITED,SONIPAT,HARYANA,SONIPAT,03AAICM5508J1ZI,06AAECP9388H2ZV,39021000,25017481,001581400000054,YESB0000015,1222500,220050,Wed Jun 25 2025 05:30:00 GMT+0530 (India Standard Time),Confirm Entered Details×Please check and confirm the following details. These details cannot be changed later.Registration TypeUnregisteredQuantity Sold(MT)15Name of the EntityPEECO POLYTECH PRIVATE LIMITEDAddressSONIPATStateHARYANADistrictSonipatGST No. of Seller03AAICM5508J1ZIGST No. of Buyer06AAECP9388H2ZVhsnCode39021000invno25017481Bank Account No001581400000054IFSC CodeYESB0000015Principal Amount(₹)1222500GST Amount(₹)220050Sales date2025-06-25CancelConfirm,,,,,2026-05-27T07:28:17.627Z,"×
Error
Sales to registered PWP is not allowed !"
15,Unregistered,PEECO POLYTECH PRIVATE LIMITED,SONIPAT,HARYANA,SONIPAT,03AAICM5508J1ZI,06AAECP9388H2ZV,39021000,25017482,001581400000054,YESB0000015,1222500,220050,Wed Jun 25 2025 05:30:00 GMT+0530 (India Standard Time),Confirm Entered Details×Please check and confirm the following details. These details cannot be changed later.Registration TypeUnregisteredStateHARYANADistrictSonipatQuantity Sold(MT)15Name of the EntityPEECO POLYTECH PRIVATE LIMITEDAddressSONIPATGST No. of Seller03AAICM5508J1ZIGST No. of Buyer06AAECP9388H2ZVhsnCode39021000invno25017482Bank Account No001581400000054IFSC CodeYESB0000015Principal Amount(₹)1222500GST Amount(₹)220050Sales date2025-06-25CancelConfirm,,,,,2026-05-27T07:28:23.533Z,"×
Error
Sales to registered PWP is not allowed !"
15,Unregistered,ANAND TWINES MANUFACTURING PRIVATE LIMITED,NOIDA,UTTAR PRADESH,Gautam Buddha Nagar,03AAICM5508J1ZI,09AAMCA0123H1ZY,39021000,25017483,001581400000054,YESB0000015,1215000,218700,Wed Jun 25 2025 05:30:00 GMT+0530 (India Standard Time),Confirm Entered Details×Please check and confirm the following details. These details cannot be changed later.Registration TypeUnregisteredQuantity Sold(MT)15Name of the EntityANAND TWINES MANUFACTURING PRIVATE LIMITEDAddressNOIDAStateUTTAR PRADESHDistrictGautam Buddha NagarGST No. of Seller03AAICM5508J1ZIGST No. of Buyer09AAMCA0123H1ZYhsnCode39021000invno25017483Bank Account No001581400000054IFSC CodeYESB0000015Principal Amount(₹)1215000GST Amount(₹)218700Sales date2025-06-25CancelConfirm,,,,,2026-05-27T07:28:29.558Z,"×
Error
Sales to registered PWP is not allowed !"
9,Unregistered,SHAKTI PLAST CHEM PRIVATE LIMITED,NEW DELHI,DELHI,NEW DELHI,03AAICM5508J1ZI,07ABKCS4860N1ZN,39021000,25017527,001581400000054,YESB0000015,710910,127963.8,Thu Jun 26 2025 05:30:00 GMT+0530 (India Standard Time),Confirm Entered Details×Please check and confirm the following details. These details cannot be changed later.Registration TypeUnregisteredQuantity Sold(MT)9Name of the EntitySHAKTI PLAST CHEM PRIVATE LIMITEDAddressNEW DELHIStateDELHIDistrictNew DelhiGST No. of Seller03AAICM5508J1ZIGST No. of Buyer07ABKCS4860N1ZNhsnCode39021000invno25017527Bank Account No001581400000054IFSC CodeYESB0000015Principal Amount(₹)710910GST Amount(₹)127963.8Sales date2025-06-26CancelConfirm,,,,,2026-05-27T07:28:35.798Z,"×
Error
Sales to registered PWP is not allowed !"
9,Unregistered,SHAKTI PLAST CHEM PRIVATE LIMITED,NEW DELHI,DELHI,NEW DELHI,03AAICM5508J1ZI,07ABKCS4860N1ZN,39021000,25017578,001581400000054,YESB0000015,689270,124068.6,Fri Jun 27 2025 05:30:00 GMT+0530 (India Standard Time),Confirm Entered Details×Please check and confirm the following details. These details cannot be changed later.Registration TypeUnregisteredStateDELHIDistrictNew DelhiQuantity Sold(MT)9Name of the EntitySHAKTI PLAST CHEM PRIVATE LIMITEDAddressNEW DELHIGST No. of Seller03AAICM5508J1ZIGST No. of Buyer07ABKCS4860N1ZNhsnCode39021000invno25017578Bank Account No001581400000054IFSC CodeYESB0000015Principal Amount(₹)689270GST Amount(₹)124068.6Sales date2025-06-27CancelConfirm,,,,,2026-05-27T07:28:41.751Z,"×
Error
Sales to registered PWP is not allowed !"
15,Unregistered,ANAND TWINES MANUFACTURING PRIVATE LIMITED,NOIDA,UTTAR PRADESH,Gautam Buddha Nagar,03AAICM5508J1ZI,09AAMCA0123H1ZY,39021000,25017607,001581400000054,YESB0000015,1316250,236925,Sat Jun 28 2025 05:30:00 GMT+0530 (India Standard Time),Confirm Entered Details×Please check and confirm the following details. These details cannot be changed later.Registration TypeUnregisteredQuantity Sold(MT)15Name of the EntityANAND TWINES MANUFACTURING PRIVATE LIMITEDAddressNOIDAStateUTTAR PRADESHDistrictGautam Buddha NagarGST No. of Seller03AAICM5508J1ZIGST No. of Buyer09AAMCA0123H1ZYhsnCode39021000invno25017607Bank Account No001581400000054IFSC CodeYESB0000015Principal Amount(₹)1316250GST Amount(₹)236925Sales date2025-06-28CancelConfirm,,,,,2026-05-27T07:28:47.918Z,"×
Error
Sales to registered PWP is not allowed !"
9,Unregistered,SHAKTI PLAST CHEM PRIVATE LIMITED,NEW DELHI,DELHI,NEW DELHI,03AAICM5508J1ZI,07ABKCS4860N1ZN,39021000,25017617,001581400000054,YESB0000015,726120,130701.6,Sat Jun 28 2025 05:30:00 GMT+0530 (India Standard Time),Confirm Entered Details×Please check and confirm the following details. These details cannot be changed later.Registration TypeUnregisteredQuantity Sold(MT)9Name of the EntitySHAKTI PLAST CHEM PRIVATE LIMITEDAddressNEW DELHIStateDELHIDistrictNew DelhiGST No. of Seller03AAICM5508J1ZIGST No. of Buyer07ABKCS4860N1ZNhsnCode39021000invno25017617Bank Account No001581400000054IFSC CodeYESB0000015Principal Amount(₹)726120GST Amount(₹)130701.6Sales date2025-06-28CancelConfirm,,,,,2026-05-27T07:28:54.166Z,"×
Error
Sales to registered PWP is not allowed !"
10,Unregistered,SHAKTI PLAST CHEM PRIVATE LIMITED,NEW DELHI,DELHI,NEW DELHI,03AAICM5508J1ZI,07ABKCS4860N1ZN,39021000,25017689,001581400000054,YESB0000015,826400,148752,Mon Jun 30 2025 05:30:00 GMT+0530 (India Standard Time),Confirm Entered Details×Please check and confirm the following details. These details cannot be changed later.Registration TypeUnregisteredStateDELHIDistrictNew DelhiQuantity Sold(MT)10Name of the EntitySHAKTI PLAST CHEM PRIVATE LIMITEDAddressNEW DELHIGST No. of Seller03AAICM5508J1ZIGST No. of Buyer07ABKCS4860N1ZNhsnCode39021000invno25017689Bank Account No001581400000054IFSC CodeYESB0000015Principal Amount(₹)826400GST Amount(₹)148752Sales date2025-06-30CancelConfirm,,,,,2026-05-27T07:29:00.070Z,"×
Error
Sales to registered PWP is not allowed !"
15,Unregistered,ANAND TWINES MANUFACTURING PRIVATE LIMITED,NOIDA,UTTAR PRADESH,Gautam Buddha Nagar,03AAICM5508J1ZI,09AAMCA0123H1ZY,39021000,25017739,001581400000054,YESB0000015,1316250,236925,Tue Jul 01 2025 05:30:00 GMT+0530 (India Standard Time),Confirm Entered Details×Please check and confirm the following details. These details cannot be changed later.Registration TypeUnregisteredQuantity Sold(MT)15Name of the EntityANAND TWINES MANUFACTURING PRIVATE LIMITEDAddressNOIDAStateUTTAR PRADESHDistrictGautam Buddha NagarGST No. of Seller03AAICM5508J1ZIGST No. of Buyer09AAMCA0123H1ZYhsnCode39021000invno25017739Bank Account No001581400000054IFSC CodeYESB0000015Principal Amount(₹)1316250GST Amount(₹)236925Sales date2025-07-01CancelConfirm,,,,,2026-05-27T07:29:06.220Z,"×
Error
Sales to registered PWP is not allowed !"
10,Unregistered,SHAKTI PLAST CHEM PRIVATE LIMITED,NEW DELHI,DELHI,NEW DELHI,03AAICM5508J1ZI,07ABKCS4860N1ZN,39021000,25017747,001581400000054,YESB0000015,793740,142873.2,Wed Jul 02 2025 05:30:00 GMT+0530 (India Standard Time),Confirm Entered Details×Please check and confirm the following details. These details cannot be changed later.Registration TypeUnregisteredQuantity Sold(MT)10Name of the EntitySHAKTI PLAST CHEM PRIVATE LIMITEDAddressNEW DELHIStateDELHIDistrictNew DelhiGST No. of Seller03AAICM5508J1ZIGST No. of Buyer07ABKCS4860N1ZNhsnCode39021000invno25017747Bank Account No001581400000054IFSC CodeYESB0000015Principal Amount(₹)793740GST Amount(₹)142873.2Sales date2025-07-02CancelConfirm,,,,,2026-05-27T07:29:12.389Z,"×
Error
Sales to registered PWP is not allowed !"
10,Unregistered,PEECO POLYTECH PRIVATE LIMITED,SONIPAT,HARYANA,SONIPAT,03AAICM5508J1ZI,06AAECP9388H2ZV,39021000,25017779,001581400000054,YESB0000015,825000,148500,Thu Jul 03 2025 05:30:00 GMT+0530 (India Standard Time),Confirm Entered Details×Please check and confirm the following details. These details cannot be changed later.Registration TypeUnregisteredQuantity Sold(MT)10Name of the EntityPEECO POLYTECH PRIVATE LIMITEDAddressSONIPATStateHARYANADistrictSonipatGST No. of Seller03AAICM5508J1ZIGST No. of Buyer06AAECP9388H2ZVhsnCode39021000invno25017779Bank Account No001581400000054IFSC CodeYESB0000015Principal Amount(₹)825000GST Amount(₹)148500Sales date2025-07-03CancelConfirm,,,,,2026-05-27T07:29:18.547Z,"×
Error
Sales to registered PWP is not allowed !"
9,Unregistered,SHAKTI PLAST CHEM PRIVATE LIMITED,NEW DELHI,DELHI,NEW DELHI,03AAICM5508J1ZI,07ABKCS4860N1ZN,39021000,25017795,001581400000054,YESB0000015,712335,128220.3,Fri Jul 04 2025 05:30:00 GMT+0530 (India Standard Time),Confirm Entered Details×Please check and confirm the following details. These details cannot be changed later.Registration TypeUnregisteredQuantity Sold(MT)9Name of the EntitySHAKTI PLAST CHEM PRIVATE LIMITEDAddressNEW DELHIStateDELHIDistrictNew DelhiGST No. of Seller03AAICM5508J1ZIGST No. of Buyer07ABKCS4860N1ZNhsnCode39021000invno25017795Bank Account No001581400000054IFSC CodeYESB0000015Principal Amount(₹)712335GST Amount(₹)128220.3Sales date2025-07-04CancelConfirm,,,,,2026-05-27T07:29:24.754Z,"×
Error
Sales to registered PWP is not allowed !"
15,Unregistered,ANAND TWINES MANUFACTURING PRIVATE LIMITED,NOIDA,UTTAR PRADESH,Gautam Buddha Nagar,03AAICM5508J1ZI,09AAMCA0123H1ZY,39021000,25017798,001581400000054,YESB0000015,1331250,239625,Fri Jul 04 2025 05:30:00 GMT+0530 (India Standard Time),Confirm Entered Details×Please check and confirm the following details. These details cannot be changed later.Registration TypeUnregisteredQuantity Sold(MT)15Name of the EntityANAND TWINES MANUFACTURING PRIVATE LIMITEDAddressNOIDAStateUTTAR PRADESHDistrictGautam Buddha NagarGST No. of Seller03AAICM5508J1ZIGST No. of Buyer09AAMCA0123H1ZYhsnCode39021000invno25017798Bank Account No001581400000054IFSC CodeYESB0000015Principal Amount(₹)1331250GST Amount(₹)239625Sales date2025-07-04CancelConfirm,,,,,2026-05-27T07:29:31.693Z,"×
Error
Sales to registered PWP is not allowed !"
9,Unregistered,SHAKTI PLAST CHEM PRIVATE LIMITED,NEW DELHI,DELHI,NEW DELHI,03AAICM5508J1ZI,07ABKCS4860N1ZN,39021000,25017828,001581400000054,YESB0000015,752760,135496.8,Sat Jul 05 2025 05:30:00 GMT+0530 (India Standard Time),Confirm Entered Details×Please check and confirm the following details. These details cannot be changed later.Registration TypeUnregisteredQuantity Sold(MT)9Name of the EntitySHAKTI PLAST CHEM PRIVATE LIMITEDAddressNEW DELHIStateDELHIDistrictNew DelhiGST No. of Seller03AAICM5508J1ZIGST No. of Buyer07ABKCS4860N1ZNhsnCode39021000invno25017828Bank Account No001581400000054IFSC CodeYESB0000015Principal Amount(₹)752760GST Amount(₹)135496.8Sales date2025-07-05CancelConfirm,,,,,2026-05-27T07:29:37.757Z,"×
Error
Sales to registered PWP is not allowed !"
9,Unregistered,PEECO POLYTECH PRIVATE LIMITED,SONIPAT,HARYANA,SONIPAT,03AAICM5508J1ZI,06AAECP9388H2ZV,39021000,25017896,001581400000054,YESB0000015,742500,133650,Mon Jul 07 2025 05:30:00 GMT+0530 (India Standard Time),Confirm Entered Details×Please check and confirm the following details. These details cannot be changed later.Registration TypeUnregisteredQuantity Sold(MT)9Name of the EntityPEECO POLYTECH PRIVATE LIMITEDAddressSONIPATStateHARYANADistrictSonipatGST No. of Seller03AAICM5508J1ZIGST No. of Buyer06AAECP9388H2ZVhsnCode39021000invno25017896Bank Account No001581400000054IFSC CodeYESB0000015Principal Amount(₹)742500GST Amount(₹)133650Sales date2025-07-07CancelConfirm,,,,,2026-05-27T07:29:43.692Z,"×
Error
Sales to registered PWP is not allowed !"
9,Unregistered,SHAKTI PLAST CHEM PRIVATE LIMITED,NEW DELHI,DELHI,NEW DELHI,03AAICM5508J1ZI,07ABKCS4860N1ZN,39021000,25017923,001581400000054,YESB0000015,725806.5,130645.17,Tue Jul 08 2025 05:30:00 GMT+0530 (India Standard Time),Confirm Entered Details×Please check and confirm the following details. These details cannot be changed later.Registration TypeUnregisteredQuantity Sold(MT)9Name of the EntitySHAKTI PLAST CHEM PRIVATE LIMITEDAddressNEW DELHIStateDELHIDistrictNew DelhiGST No. of Seller03AAICM5508J1ZIGST No. of Buyer07ABKCS4860N1ZNhsnCode39021000invno25017923Bank Account No001581400000054IFSC CodeYESB0000015Principal Amount(₹)725806.5GST Amount(₹)130645.17Sales date2025-07-08CancelConfirm,,,,,2026-05-27T07:29:49.767Z,"×
Error
Sales to registered PWP is not allowed !"
9,Unregistered,SHAKTI PLAST CHEM PRIVATE LIMITED,NEW DELHI,DELHI,NEW DELHI,03AAICM5508J1ZI,07ABKCS4860N1ZN,39021000,25018015,001581400000054,YESB0000015,695184,125133.12,Fri Jul 11 2025 05:30:00 GMT+0530 (India Standard Time),Confirm Entered Details×Please check and confirm the following details. These details cannot be changed later.Registration TypeUnregisteredStateDELHIDistrictNew DelhiQuantity Sold(MT)9Name of the EntitySHAKTI PLAST CHEM PRIVATE LIMITEDAddressNEW DELHIGST No. of Seller03AAICM5508J1ZIGST No. of Buyer07ABKCS4860N1ZNhsnCode39021000invno25018015Bank Account No001581400000054IFSC CodeYESB0000015Principal Amount(₹)695184GST Amount(₹)125133.12Sales date2025-07-11CancelConfirm,,,,,2026-05-27T07:29:55.627Z,"×
Error
Sales to registered PWP is not allowed !"
10,Unregistered,PEECO POLYTECH PRIVATE LIMITED,SONIPAT,HARYANA,SONIPAT,03AAICM5508J1ZI,06AAECP9388H2ZV,39021000,25018064,001581400000054,YESB0000015,865000,155700,Sat Jul 12 2025 05:30:00 GMT+0530 (India Standard Time),Confirm Entered Details×Please check and confirm the following details. These details cannot be changed later.Registration TypeUnregisteredQuantity Sold(MT)10Name of the EntityPEECO POLYTECH PRIVATE LIMITEDAddressSONIPATStateHARYANADistrictSonipatGST No. of Seller03AAICM5508J1ZIGST No. of Buyer06AAECP9388H2ZVhsnCode39021000invno25018064Bank Account No001581400000054IFSC CodeYESB0000015Principal Amount(₹)865000GST Amount(₹)155700Sales date2025-07-12CancelConfirm,,,,,2026-05-27T07:30:01.792Z,"×
Error
Sales to registered PWP is not allowed !"
9,Unregistered,SHAKTI PLAST CHEM PRIVATE LIMITED,NEW DELHI,DELHI,NEW DELHI,03AAICM5508J1ZI,07ABKCS4860N1ZN,39021000,25018065,001581400000054,YESB0000015,698202,125676.36,Sat Jul 12 2025 05:30:00 GMT+0530 (India Standard Time),Confirm Entered Details×Please check and confirm the following details. These details cannot be changed later.Registration TypeUnregisteredQuantity Sold(MT)9Name of the EntitySHAKTI PLAST CHEM PRIVATE LIMITEDAddressNEW DELHIStateDELHIDistrictNew DelhiGST No. of Seller03AAICM5508J1ZIGST No. of Buyer07ABKCS4860N1ZNhsnCode39021000invno25018065Bank Account No001581400000054IFSC CodeYESB0000015Principal Amount(₹)698202GST Amount(₹)125676.36Sales date2025-07-12CancelConfirm,,,,,2026-05-27T07:30:07.805Z,"×
Error
Sales to registered PWP is not allowed !"
9,Unregistered,SHAKTI PLAST CHEM PRIVATE LIMITED,NEW DELHI,DELHI,NEW DELHI,03AAICM5508J1ZI,07ABKCS4860N1ZN,39021000,25018155,001581400000054,YESB0000015,676500,121770,Tue Jul 15 2025 05:30:00 GMT+0530 (India Standard Time),Confirm Entered Details×Please check and confirm the following details. These details cannot be changed later.Registration TypeUnregisteredStateDELHIDistrictNew DelhiQuantity Sold(MT)9Name of the EntitySHAKTI PLAST CHEM PRIVATE LIMITEDAddressNEW DELHIGST No. of Seller03AAICM5508J1ZIGST No. of Buyer07ABKCS4860N1ZNhsnCode39021000invno25018155Bank Account No001581400000054IFSC CodeYESB0000015Principal Amount(₹)676500GST Amount(₹)121770Sales date2025-07-15CancelConfirm,,,,,2026-05-27T07:30:13.715Z,"×
Error
Sales to registered PWP is not allowed !"
9,Unregistered,SHAKTI PLAST CHEM PRIVATE LIMITED,NEW DELHI,DELHI,NEW DELHI,03AAICM5508J1ZI,07ABKCS4860N1ZN,39021000,25018163,001581400000054,YESB0000015,658930.5,118607.49,Tue Jul 15 2025 05:30:00 GMT+0530 (India Standard Time),Confirm Entered Details×Please check and confirm the following details. These details cannot be changed later.Registration TypeUnregisteredStateDELHIDistrictNew DelhiQuantity Sold(MT)9Name of the EntitySHAKTI PLAST CHEM PRIVATE LIMITEDAddressNEW DELHIGST No. of Seller03AAICM5508J1ZIGST No. of Buyer07ABKCS4860N1ZNhsnCode39021000invno25018163Bank Account No001581400000054IFSC CodeYESB0000015Principal Amount(₹)658930.5GST Amount(₹)118607.49Sales date2025-07-15CancelConfirm,,,,,2026-05-27T07:30:19.595Z,"×
Error
Sales to registered PWP is not allowed !"
15,Unregistered,ANAND TWINES MANUFACTURING PRIVATE LIMITED,NOIDA,UTTAR PRADESH,Gautam Buddha Nagar,03AAICM5508J1ZI,09AAMCA0123H1ZY,39021000,25018301,001581400000054,YESB0000015,1331250,239625,Sat Jul 19 2025 05:30:00 GMT+0530 (India Standard Time),Confirm Entered Details×Please check and confirm the following details. These details cannot be changed later.Registration TypeUnregisteredQuantity Sold(MT)15Name of the EntityANAND TWINES MANUFACTURING PRIVATE LIMITEDAddressNOIDAStateUTTAR PRADESHDistrictGautam Buddha NagarGST No. of Seller03AAICM5508J1ZIGST No. of Buyer09AAMCA0123H1ZYhsnCode39021000invno25018301Bank Account No001581400000054IFSC CodeYESB0000015Principal Amount(₹)1331250GST Amount(₹)239625Sales date2025-07-19CancelConfirm,,,,,2026-05-27T07:30:25.667Z,"×
Error
Sales to registered PWP is not allowed !"
10,Unregistered,SHAKTI PLAST CHEM PRIVATE LIMITED,NEW DELHI,DELHI,NEW DELHI,03AAICM5508J1ZI,07ABKCS4860N1ZN,39021000,25018412,001581400000054,YESB0000015,784771.5,141258.87,Thu Jul 24 2025 05:30:00 GMT+0530 (India Standard Time),Confirm Entered Details×Please check and confirm the following details. These details cannot be changed later.Registration TypeUnregisteredQuantity Sold(MT)10Name of the EntitySHAKTI PLAST CHEM PRIVATE LIMITEDAddressNEW DELHIStateDELHIDistrictNew DelhiGST No. of Seller03AAICM5508J1ZIGST No. of Buyer07ABKCS4860N1ZNhsnCode39021000invno25018412Bank Account No001581400000054IFSC CodeYESB0000015Principal Amount(₹)784771.5GST Amount(₹)141258.87Sales date2025-07-24CancelConfirm,,,,,2026-05-27T07:30:31.845Z,"×
Error
Sales to registered PWP is not allowed !"
15,Unregistered,ANAND TWINES MANUFACTURING PRIVATE LIMITED,NOIDA,UTTAR PRADESH,Gautam Buddha Nagar,03AAICM5508J1ZI,09AAMCA0123H1ZY,39021000,25018421,001581400000054,YESB0000015,1331250,239625,Thu Jul 24 2025 05:30:00 GMT+0530 (India Standard Time),Confirm Entered Details×Please check and confirm the following details. These details cannot be changed later.Registration TypeUnregisteredQuantity Sold(MT)15Name of the EntityANAND TWINES MANUFACTURING PRIVATE LIMITEDAddressNOIDAStateUTTAR PRADESHDistrictGautam Buddha NagarGST No. of Seller03AAICM5508J1ZIGST No. of Buyer09AAMCA0123H1ZYhsnCode39021000invno25018421Bank Account No001581400000054IFSC CodeYESB0000015Principal Amount(₹)1331250GST Amount(₹)239625Sales date2025-07-24CancelConfirm,,,,,2026-05-27T07:30:38.064Z,"×
Error
Sales to registered PWP is not allowed !"
3,Unregistered,RECOMMERCEX PRIVATE LIMITED,NOIDA,Uttar Pradesh,Gautam Buddha Nagar,03AAICM5508J1ZI,09AANCR3594C1Z1,39021000,25020505,001581400000054,YESB0000015,235000,42300,Mon Sep 22 2025 05:30:00 GMT+0530 (India Standard Time),202605278961416,,,,,2026-05-27T08:14:21.368Z,Potential generation will be updated within 24–48 hours of invoice upload due to procedural delays.
3.1,Unregistered,RECOMMERCEX PRIVATE LIMITED,NOIDA,Uttar Pradesh,Gautam Buddha Nagar,03AAICM5508J1ZI,09AANCR3594C1Z1,39021000,25020811,001581400000054,YESB0000015,226250,40725,Mon Sep 29 2025 05:30:00 GMT+0530 (India Standard Time),202605278961440,,,,,2026-05-27T08:17:33.176Z,Potential generation will be updated within 24–48 hours of invoice upload due to procedural delays.
6,Unregistered,RECOMMERCEX PRIVATE LIMITED,NOIDA,Uttar Pradesh,Gautam Buddha Nagar,03AAICM5508J1ZI,09AANCR3594C1Z1,39021000,25020812,001581400000054,YESB0000015,475500,85590,Mon Sep 29 2025 05:30:00 GMT+0530 (India Standard Time),202605278961441,,,,,2026-05-27T08:17:41.972Z,Potential generation will be updated within 24–48 hours of invoice upload due to procedural delays.
10,Unregistered,J.V.TECHNOLOGIES & CO.,KURALI,PUNJAB,Sahibzada Ajit Singh Nagar (Mohali),03AAICM5508J1ZI,03FSXPS9380B1Z3,39021000,25070563,001581400000054,YESB0000015,740000,133200,Sun Oct 12 2025 05:30:00 GMT+0530 (India Standard Time),202605278961501,,,,,2026-05-27T08:25:50.487Z,Potential generation will be updated within 24–48 hours of invoice upload due to procedural delays.
10,Unregistered,RECOMMERCEX PRIVATE LIMITED,NOIDA,Uttar Pradesh,Gautam Buddha Nagar,03AAICM5508J1ZI,09AANCR3594C1Z1,39021000,25021338,001581400000054,YESB0000015,700000,126000,Tue Oct 14 2025 05:30:00 GMT+0530 (India Standard Time),202605278961503,,,,,2026-05-27T08:25:59.778Z,Potential generation will be updated within 24–48 hours of invoice upload due to procedural delays.
15,Unregistered,RECOMMERCEX PRIVATE LIMITED,NOIDA,Uttar Pradesh,Gautam Buddha Nagar,03AAICM5508J1ZI,09AANCR3594C1Z1,39021000,25021551,001581400000054,YESB0000015,1110000,199800,Thu Oct 23 2025 05:30:00 GMT+0530 (India Standard Time),202605278961537,,,,,2026-05-27T08:32:12.875Z,Potential generation will be updated within 24–48 hours of invoice upload due to procedural delays.
10,Unregistered,RECOMMERCEX PRIVATE LIMITED,NOIDA,Uttar Pradesh,Gautam Buddha Nagar,03AAICM5508J1ZI,09AANCR3594C1Z1,39021000,25021586,001581400000054,YESB0000015,722952,130131.36,Fri Oct 24 2025 05:30:00 GMT+0530 (India Standard Time),202605278961543,,,,,2026-05-27T08:32:57.994Z,Potential generation will be updated within 24–48 hours of invoice upload due to procedural delays.
10,Unregistered,SWASTIK POLYVINYLS PVT LTD,SONEPAT,Haryana,Sonipat,03AAICM5508J1ZI,06AAECS4130L1ZE,39021000,25021743,001581400000054,YESB0000015,723990,130318.2,Tue Oct 28 2025 05:30:00 GMT+0530 (India Standard Time),202605278961563,,,,,2026-05-27T08:35:31.664Z,Potential generation will be updated within 24–48 hours of invoice upload due to procedural delays.
15,Unregistered,U K PAINTS (INDIA) PRIVATE LIMITED,"Plot No. A-40, A-41 and A-46, Industrial area,Sikandrabad, Distt- Bulandshahr, Uttar Pradesh, BULAND SHAHAR,203205",Uttar Pradesh,Bulandshahr,03AAICM5508J1ZI,09AAACU0057C1ZR,39021000,25021782,001581400000054,YESB0000015,1215750,218835,Wed Oct 29 2025 05:30:00 GMT+0530 (India Standard Time),202605278961566,,,,,2026-05-27T08:35:40.716Z,Potential generation will be updated within 24–48 hours of invoice upload due to procedural delays.
10,Unregistered,RECOMMERCEX PRIVATE LIMITED,NOIDA,Uttar Pradesh,Gautam Buddha Nagar,03AAICM5508J1ZI,09AANCR3594C1Z1,39021000,25021921,001581400000054,YESB0000015,700000,126000,Fri Oct 31 2025 05:30:00 GMT+0530 (India Standard Time),202605278961575,,,,,2026-05-27T08:36:26.472Z,Potential generation will be updated within 24–48 hours of invoice upload due to procedural delays.
10,Unregistered,RECOMMERCEX PRIVATE LIMITED,NOIDA,Uttar Pradesh,Gautam Buddha Nagar,03AAICM5508J1ZI,09AANCR3594C1Z1,39021000,25022314,001581400000054,YESB0000015,780000,140400,Fri Nov 14 2025 05:30:00 GMT+0530 (India Standard Time),202605278961640,,,,,2026-05-27T08:43:53.669Z,Potential generation will be updated within 24–48 hours of invoice upload due to procedural delays.
15,Unregistered,RECOMMERCEX PRIVATE LIMITED,NOIDA,Uttar Pradesh,Gautam Buddha Nagar,03AAICM5508J1ZI,09AANCR3594C1Z1,39021000,25022467,001581400000054,YESB0000015,1095000,197100,Tue Nov 18 2025 05:30:00 GMT+0530 (India Standard Time),202605278961656,,,,,2026-05-27T08:45:51.188Z,Potential generation will be updated within 24–48 hours of invoice upload due to procedural delays.
15.1,Unregistered,RECOMMERCEX PRIVATE LIMITED,NOIDA,Uttar Pradesh,Gautam Buddha Nagar,03AAICM5508J1ZI,09AANCR3594C1Z1,39021000,25022607,001581400000054,YESB0000015,1177400,211932,Fri Nov 21 2025 05:30:00 GMT+0530 (India Standard Time),202605278961667,,,,,2026-05-27T08:47:54.251Z,Potential generation will be updated within 24–48 hours of invoice upload due to procedural delays.
15,Unregistered,RECOMMERCEX PRIVATE LIMITED,NOIDA,Uttar Pradesh,Gautam Buddha Nagar,03AAICM5508J1ZI,09AANCR3594C1Z1,39021000,25022748,001581400000054,YESB0000015,1170000,210600,Tue Nov 25 2025 05:30:00 GMT+0530 (India Standard Time),202605278961678,,,,,2026-05-27T08:49:15.728Z,Potential generation will be updated within 24–48 hours of invoice upload due to procedural delays.
5,Unregistered,POLOPLAST INDUSTRIES,KURALI,Punjab,Sahibzada Ajit Singh Nagar (Mohali),03AAICM5508J1ZI,03DZCPA7285P1Z1,39021000,25070623,001581400000054,YESB0000015,397500,71550,Sun Nov 09 2025 05:30:00 GMT+0530 (India Standard Time),202605278961695,,,,,2026-05-27T08:51:18.341Z,Potential generation will be updated within 24–48 hours of invoice upload due to procedural delays.
15,Unregistered,RECOMMERCEX PRIVATE LIMITED,NOIDA,Uttar Pradesh,Gautam Buddha Nagar,03AAICM5508J1ZI,09AANCR3594C1Z1,39021000,25022963,001581400000054,YESB0000015,1095000,197100,Sun Nov 30 2025 05:30:00 GMT+0530 (India Standard Time),202605278961716,,,,,2026-05-27T08:53:58.250Z,Potential generation will be updated within 24–48 hours of invoice upload due to procedural delays.
10,Unregistered,J.V.TECHNOLOGIES & CO.,KURALI,PUNJAB,Sahibzada Ajit Singh Nagar (Mohali),03AAICM5508J1ZI,03FSXPS9380B1Z3,39021000,25070688,001581400000054,YESB0000015,730000,131400,Fri Dec 05 2025 05:30:00 GMT+0530 (India Standard Time),202605278961730,,,,,2026-05-27T08:55:57.038Z,Potential generation will be updated within 24–48 hours of invoice upload due to procedural delays.
10,Unregistered,SWASTIK POLYVINYLS PVT LTD,SONEPAT,Haryana,Sonipat,03AAICM5508J1ZI,06AAECS4130L1ZE,39021000,25023296,001581400000054,YESB0000015,712373,128227.14,Wed Dec 10 2025 05:30:00 GMT+0530 (India Standard Time),202605278961741,,,,,2026-05-27T08:58:00.128Z,Potential generation will be updated within 24–48 hours of invoice upload due to procedural delays.
15,Unregistered,J.V.TECHNOLOGIES & CO.,KURALI,PUNJAB,Sahibzada Ajit Singh Nagar (Mohali),03AAICM5508J1ZI,03FSXPS9380B1Z3,39021000,25070703,001581400000054,YESB0000015,1110000,199800,Wed Dec 10 2025 05:30:00 GMT+0530 (India Standard Time),202605278961743,,,,,2026-05-27T08:58:09.590Z,Potential generation will be updated within 24–48 hours of invoice upload due to procedural delays.
15,Unregistered,SHREE BALAJI INDUSTRIES,BAWANA,DELHI,North West Delhi,03AAICM5508J1ZI,07DCBPB3986C1ZV,39021000,25023368,001581400000054,YESB0000015,1117500,201150,Fri Dec 12 2025 05:30:00 GMT+0530 (India Standard Time),202605278961766,,,,,2026-05-27T09:00:46.791Z,Potential generation will be updated within 24–48 hours of invoice upload due to procedural delays.
7,Unregistered,POLOPLAST INDUSTRIES,KURALI,Punjab,Sahibzada Ajit Singh Nagar (Mohali),03AAICM5508J1ZI,03DZCPA7285P1Z1,39021000,25023437,001581400000054,YESB0000015,556500,100170,Mon Dec 15 2025 05:30:00 GMT+0530 (India Standard Time),202605278961768,,,,,2026-05-27T09:00:56.950Z,Potential generation will be updated within 24–48 hours of invoice upload due to procedural delays.
15,Unregistered,RECOMMERCEX PRIVATE LIMITED,NOIDA,Uttar Pradesh,Gautam Buddha Nagar,03AAICM5508J1ZI,09AANCR3594C1Z1,39021000,25023473,001581400000054,YESB0000015,1095000,197100,Tue Dec 16 2025 05:30:00 GMT+0530 (India Standard Time),202605278961771,,,,,2026-05-27T09:01:06.238Z,Potential generation will be updated within 24–48 hours of invoice upload due to procedural delays.
15,Unregistered,RECOMMERCEX PRIVATE LIMITED,NOIDA,Uttar Pradesh,Gautam Buddha Nagar,03AAICM5508J1ZI,09AANCR3594C1Z1,39021000,25023517,001581400000054,YESB0000015,1170000,210600,Wed Dec 17 2025 05:30:00 GMT+0530 (India Standard Time),202605278961782,,,,,2026-05-27T09:01:52.161Z,Potential generation will be updated within 24–48 hours of invoice upload due to procedural delays.
10,Unregistered,RECOMMERCEX PRIVATE LIMITED,NOIDA,Uttar Pradesh,Gautam Buddha Nagar,03AAICM5508J1ZI,09AANCR3594C1Z1,39021000,25023518,001581400000054,YESB0000015,695000,125100,Wed Dec 17 2025 05:30:00 GMT+0530 (India Standard Time),202605278961783,,,,,2026-05-27T09:02:01.319Z,Potential generation will be updated within 24–48 hours of invoice upload due to procedural delays.
15,Unregistered,RECOMMERCEX PRIVATE LIMITED,NOIDA,Uttar Pradesh,Gautam Buddha Nagar,03AAICM5508J1ZI,09AANCR3594C1Z1,39021000,25023563,001581400000054,YESB0000015,1170000,210600,Thu Dec 18 2025 05:30:00 GMT+0530 (India Standard Time),202605278961784,,,,,2026-05-27T09:02:11.880Z,Potential generation will be updated within 24–48 hours of invoice upload due to procedural delays.
15,Unregistered,RECOMMERCEX PRIVATE LIMITED,NOIDA,Uttar Pradesh,Gautam Buddha Nagar,03AAICM5508J1ZI,09AANCR3594C1Z1,39021000,25023693,001581400000054,YESB0000015,1102500,198450,Tue Dec 23 2025 05:30:00 GMT+0530 (India Standard Time),202605278961806,,,,,2026-05-27T09:04:54.504Z,Potential generation will be updated within 24–48 hours of invoice upload due to procedural delays.
15,Unregistered,RECOMMERCEX PRIVATE LIMITED,NOIDA,Uttar Pradesh,Gautam Buddha Nagar,03AAICM5508J1ZI,09AANCR3594C1Z1,39021000,25023800,001581400000054,YESB0000015,1127500,202950,Fri Dec 26 2025 05:30:00 GMT+0530 (India Standard Time),202605278961832,,,,,2026-05-27T09:07:30.590Z,Potential generation will be updated within 24–48 hours of invoice upload due to procedural delays.
15,Unregistered,RECOMMERCEX PRIVATE LIMITED,NOIDA,Uttar Pradesh,Gautam Buddha Nagar,03AAICM5508J1ZI,09AANCR3594C1Z1,39021000,25024358,001581400000054,YESB0000015,1117500,201150,Fri Jan 09 2026 05:30:00 GMT+0530 (India Standard Time),202605278961865,,,,,2026-05-27T09:11:57.008Z,Potential generation will be updated within 24–48 hours of invoice upload due to procedural delays.
15,Unregistered,RECOMMERCEX PRIVATE LIMITED,NOIDA,Uttar Pradesh,Gautam Buddha Nagar,03AAICM5508J1ZI,09AANCR3594C1Z1,39021000,25024366,001581400000054,YESB0000015,1057500,190350,Fri Jan 09 2026 05:30:00 GMT+0530 (India Standard Time),202605278961875,,,,,2026-05-27T09:12:42.094Z,Potential generation will be updated within 24–48 hours of invoice upload due to procedural delays.
15,Unregistered,RECOMMERCEX PRIVATE LIMITED,NOIDA,Uttar Pradesh,Gautam Buddha Nagar,03AAICM5508J1ZI,09AANCR3594C1Z1,39021000,25024479,001581400000054,YESB0000015,1182500,212850,Tue Jan 13 2026 05:30:00 GMT+0530 (India Standard Time),202605278961881,,,,,2026-05-27T09:13:27.841Z,Potential generation will be updated within 24–48 hours of invoice upload due to procedural delays.
15,Unregistered,RECOMMERCEX PRIVATE LIMITED,NOIDA,Uttar Pradesh,Gautam Buddha Nagar,03AAICM5508J1ZI,09AANCR3594C1Z1,39021000,25024652,001581400000054,YESB0000015,1200000,216000,Mon Jan 19 2026 05:30:00 GMT+0530 (India Standard Time),202605278961902,,,,,2026-05-27T09:15:28.255Z,Potential generation will be updated within 24–48 hours of invoice upload due to procedural delays.
10,Unregistered,SWASTIK POLYVINYLS PVT LTD,SONEPAT,Haryana,Sonipat,03AAICM5508J1ZI,06AAECS4130L1ZE,39021000,25024686,001581400000054,YESB0000015,715000,128700,Tue Jan 20 2026 05:30:00 GMT+0530 (India Standard Time),202605278961914,,,,,2026-05-27T09:16:50.391Z,Potential generation will be updated within 24–48 hours of invoice upload due to procedural delays.
9,Unregistered,SHIVAM POLYMERS,DELHI,DELHI,DELHI,03AAICM5508J1ZI,07AALPG2162N1ZI,39021000,25024884,001581400000054,YESB0000015,677480,121946.4,Mon Jan 26 2026 05:30:00 GMT+0530 (India Standard Time),202605278961962,,,,,2026-05-27T09:20:07.873Z,Potential generation will be updated within 24–48 hours of invoice upload due to procedural delays.
10,Unregistered,SWASTIK POLYVINYLS PVT LTD,SONEPAT,Haryana,Sonipat,03AAICM5508J1ZI,06AAECS4130L1ZE,39021000,25024931,001581400000054,YESB0000015,747375,134527.5,Tue Jan 27 2026 05:30:00 GMT+0530 (India Standard Time),202605278962046,,,,,2026-05-27T09:20:55.377Z,Potential generation will be updated within 24–48 hours of invoice upload due to procedural delays.
9,Unregistered,RECOMMERCEX PRIVATE LIMITED,NOIDA,Uttar Pradesh,Gautam Buddha Nagar,03AAICM5508J1ZI,09AANCR3594C1Z1,39021000,25025021,001581400000054,YESB0000015,697500,125550,Thu Jan 29 2026 05:30:00 GMT+0530 (India Standard Time),202605278962206,,,,,2026-05-27T09:22:18.136Z,Potential generation will be updated within 24–48 hours of invoice upload due to procedural delays.
11.7,Unregistered,RECOMMERCEX PRIVATE LIMITED,NOIDA,Uttar Pradesh,Gautam Buddha Nagar,03AAICM5508J1ZI,09AANCR3594C1Z1,39021000,25025022,001581400000054,YESB0000015,883950,159111,Thu Jan 29 2026 05:30:00 GMT+0530 (India Standard Time),202605278962209,,,,,2026-05-27T09:22:27.270Z,Potential generation will be updated within 24–48 hours of invoice upload due to procedural delays.
3.3,Unregistered,RECOMMERCEX PRIVATE LIMITED,NOIDA,Uttar Pradesh,Gautam Buddha Nagar,03AAICM5508J1ZI,09AANCR3594C1Z1,39021000,25025024,001581400000054,YESB0000015,242550,43659,Thu Jan 29 2026 05:30:00 GMT+0530 (India Standard Time),202605278962212,,,,,2026-05-27T09:22:36.413Z,Potential generation will be updated within 24–48 hours of invoice upload due to procedural delays.
15,Unregistered,RECOMMERCEX PRIVATE LIMITED,NOIDA,Uttar Pradesh,Gautam Buddha Nagar,03AAICM5508J1ZI,09AANCR3594C1Z1,39021000,25025034,001581400000054,YESB0000015,1139700,205146,Thu Jan 29 2026 05:30:00 GMT+0530 (India Standard Time),202605278962269,,,,,2026-05-27T09:23:22.529Z,Potential generation will be updated within 24–48 hours of invoice upload due to procedural delays.
15,Unregistered,RECOMMERCEX PRIVATE LIMITED,NOIDA,Uttar Pradesh,Gautam Buddha Nagar,03AAICM5508J1ZI,09AANCR3594C1Z1,39021000,25025348,001581400000054,YESB0000015,1200000,216000,Fri Feb 06 2026 05:30:00 GMT+0530 (India Standard Time),202605278962837,,,,,2026-05-27T09:28:23.884Z,Potential generation will be updated within 24–48 hours of invoice upload due to procedural delays.
15,Unregistered,RECOMMERCEX PRIVATE LIMITED,NOIDA,Uttar Pradesh,Gautam Buddha Nagar,03AAICM5508J1ZI,09AANCR3594C1Z1,39021000,25025516,001581400000054,YESB0000015,1230000,221400,Wed Feb 11 2026 05:30:00 GMT+0530 (India Standard Time),202605278963061,,,,,2026-05-27T09:30:27.781Z,Potential generation will be updated within 24–48 hours of invoice upload due to procedural delays.
9,Unregistered,SHREE BALAJI INDUSTRIES,BAWANA,DELHI,North West Delhi,03AAICM5508J1ZI,07DCBPB3986C1ZV,39021000,25025759,001581400000054,YESB0000015,783000,140940,Wed Feb 18 2026 05:30:00 GMT+0530 (India Standard Time),202605278963590,,,,,2026-05-27T09:35:00.363Z,Potential generation will be updated within 24–48 hours of invoice upload due to procedural delays.
15,Unregistered,RECOMMERCEX PRIVATE LIMITED,NOIDA,Uttar Pradesh,Gautam Buddha Nagar,03AAICM5508J1ZI,09AANCR3594C1Z1,39021000,25026095,001581400000054,YESB0000015,1230000,221400,Thu Feb 26 2026 05:30:00 GMT+0530 (India Standard Time),202605278964252,,,,,2026-05-27T09:40:41.181Z,Potential generation will be updated within 24–48 hours of invoice upload due to procedural delays.
15,Unregistered,SHREE BALAJI INDUSTRIES,BAWANA,DELHI,North West Delhi,03AAICM5508J1ZI,07DCBPB3986C1ZV,39021000,25026150,001581400000054,YESB0000015,1245000,224100,Fri Feb 27 2026 05:30:00 GMT+0530 (India Standard Time),202605278964256,,,,,2026-05-27T09:40:50.149Z,Potential generation will be updated within 24–48 hours of invoice upload due to procedural delays.
15,Unregistered,SHREE BALAJI INDUSTRIES,BAWANA,DELHI,North West Delhi,03AAICM5508J1ZI,07DCBPB3986C1ZV,39021000,25026378,001581400000054,YESB0000015,1365000,245700,Thu Mar 05 2026 05:30:00 GMT+0530 (India Standard Time),202605278964345,,,,,2026-05-27T09:44:43.560Z,Potential generation will be updated within 24–48 hours of invoice upload due to procedural delays.
10,Unregistered,SHREE BALAJI INDUSTRIES,BAWANA,DELHI,North West Delhi,03AAICM5508J1ZI,07DCBPB3986C1ZV,39021000,25026630,001581400000054,YESB0000015,1305000,234900,Thu Mar 12 2026 05:30:00 GMT+0530 (India Standard Time),202605278964383,,,,,2026-05-27T09:46:05.941Z,Potential generation will be updated within 24–48 hours of invoice upload due to procedural delays.
15,Unregistered,U K PAINTS (INDIA) PRIVATE LIMITED,"Plot No. A-40, A-41 and A-46, Industrial area,Sikandrabad, Distt- Bulandshahr, Uttar Pradesh, BULAND SHAHAR,203205",Uttar Pradesh,Bulandshahr,03AAICM5508J1ZI,09AAACU0057C1ZR,39021000,25027180,001581400000054,YESB0000015,2032750,365895,Thu Mar 26 2026 05:30:00 GMT+0530 (India Standard Time),202605278964817,,,,,2026-05-27T09:50:03.515Z,Potential generation will be updated within 24–48 hours of invoice upload due to procedural delays.
10,Unregistered,SHREE BALAJI INDUSTRIES,BAWANA,DELHI,North West Delhi,03AAICM5508J1ZI,07DCBPB3986C1ZV,39021000,25027344,001581400000054,YESB0000015,1248000,224640,Mon Mar 30 2026 05:30:00 GMT+0530 (India Standard Time),202605278965039,,,,,2026-05-27T09:52:02.589Z,Potential generation will be updated within 24–48 hours of invoice upload due to procedural delays.
15,Unregistered,SHREE BALAJI INDUSTRIES,BAWANA,DELHI,North West Delhi,03AAICM5508J1ZI,07DCBPB3986C1ZV,39021000,25027404,001581400000054,YESB0000015,1845000,332100,Tue Mar 31 2026 05:30:00 GMT+0530 (India Standard Time),202605278965258,,,,,2026-05-27T09:54:03.004Z,Potential generation will be updated within 24–48 hours of invoice upload due to procedural delays.
