datetime,row,e_invoice_number,sales_date,quantity_sold_mt,registration_type,entity_name,seller_gst,buyer_gst,epr_invoice_number,status,message
2026-05-27T07:17:32.706Z,8,25219092,2025-10-03,10,Unregistered,SHAKTI POLYMERS,03AAICM5508J1ZI,07AAGPJ3138C1Z5,Confirm Entered Details×Please check and confirm the following details. These details cannot be changed later.Quantity Sold(MT)10Registration TypeUnregisteredName of the EntitySHAKTI POLYMERSAddressNEW DELHIStateDELHIDistrictNew DelhiGST No. of Seller03AAICM5508J1ZIGST No. of Buyer07AAGPJ3138C1Z5hsnCode39021000invno25219092Bank Account No001581400000054IFSC CodeYESB0000015Principal Amount(₹)740000GST Amount(₹)133200Sales date2025-10-03CancelConfirm,Filled,"×
Error
Sales to registered PWP is not allowed !"
2026-05-27T07:17:38.976Z,18,25219097,2025-10-15,17,Unregistered,SHAKTI POLYMERS,03AAICM5508J1ZI,07AAGPJ3138C1Z5,Confirm Entered Details×Please check and confirm the following details. These details cannot be changed later.Registration TypeUnregisteredStateDELHIDistrictNew DelhiQuantity Sold(MT)17Name of the EntitySHAKTI POLYMERSAddressNEW DELHIGST No. of Seller03AAICM5508J1ZIGST No. of Buyer07AAGPJ3138C1Z5hsnCode39021000invno25219097Bank Account No001581400000054IFSC CodeYESB0000015Principal Amount(₹)943500GST Amount(₹)169830Sales date2025-10-15CancelConfirm,Filled,"×
Error
Sales to registered PWP is not allowed !"
2026-05-27T07:17:45.386Z,19,25219098,2025-10-16,15,Unregistered,PB POLYMER,03AAICM5508J1ZI,07AAJPA6266B1Z2,Confirm Entered Details×Please check and confirm the following details. These details cannot be changed later.Registration TypeUnregisteredStateDELHIQuantity Sold(MT)15Name of the EntityPB POLYMERAddressDelhiDistrictCentral DelhiGST No. of Seller03AAICM5508J1ZIGST No. of Buyer07AAJPA6266B1Z2hsnCode39021000invno25219098Bank Account No001581400000054IFSC CodeYESB0000015Principal Amount(₹)825000GST Amount(₹)148500Sales date2025-10-16CancelConfirm,Filled,"×
Error
Sales to registered PWP is not allowed !"
2026-05-27T07:17:51.559Z,21,25219101,2025-10-24,15,Unregistered,PB POLYMER,03AAICM5508J1ZI,07AAJPA6266B1Z2,Confirm Entered Details×Please check and confirm the following details. These details cannot be changed later.Registration TypeUnregisteredStateDELHIDistrictCentral DelhiQuantity Sold(MT)15Name of the EntityPB POLYMERAddressDelhiGST No. of Seller03AAICM5508J1ZIGST No. of Buyer07AAJPA6266B1Z2hsnCode39021000invno25219101Bank Account No001581400000054IFSC CodeYESB0000015Principal Amount(₹)825000GST Amount(₹)148500Sales date2025-10-24CancelConfirm,Filled,"×
Error
Sales to registered PWP is not allowed !"
2026-05-27T07:17:57.754Z,23,25219103,2025-10-25,15,Unregistered,PB POLYMER,03AAICM5508J1ZI,07AAJPA6266B1Z2,Confirm Entered Details×Please check and confirm the following details. These details cannot be changed later.Registration TypeUnregisteredStateDELHIDistrictCentral DelhiQuantity Sold(MT)15Name of the EntityPB POLYMERAddressDelhiGST No. of Seller03AAICM5508J1ZIGST No. of Buyer07AAJPA6266B1Z2hsnCode39021000invno25219103Bank Account No001581400000054IFSC CodeYESB0000015Principal Amount(₹)825000GST Amount(₹)148500Sales date2025-10-25CancelConfirm,Filled,"×
Error
Sales to registered PWP is not allowed !"
2026-05-27T07:18:03.980Z,36,25219110,2025-10-31,15,Unregistered,SHAKTI POLYMERS,03AAICM5508J1ZI,07AAGPJ3138C1Z5,Confirm Entered Details×Please check and confirm the following details. These details cannot be changed later.Registration TypeUnregisteredStateDELHIQuantity Sold(MT)15Name of the EntitySHAKTI POLYMERSAddressNEW DELHIDistrictNew DelhiGST No. of Seller03AAICM5508J1ZIGST No. of Buyer07AAGPJ3138C1Z5hsnCode39021000invno25219110Bank Account No001581400000054IFSC CodeYESB0000015Principal Amount(₹)884100GST Amount(₹)159138Sales date2025-10-31CancelConfirm,Filled,"×
Error
Sales to registered PWP is not allowed !"
2026-05-27T07:18:10.165Z,37,25219111,2025-10-31,15,Unregistered,SHAKTI POLYMERS,03AAICM5508J1ZI,07AAGPJ3138C1Z5,Confirm Entered Details×Please check and confirm the following details. These details cannot be changed later.Registration TypeUnregisteredStateDELHIDistrictNew DelhiQuantity Sold(MT)15Name of the EntitySHAKTI POLYMERSAddressNEW DELHIGST No. of Seller03AAICM5508J1ZIGST No. of Buyer07AAGPJ3138C1Z5hsnCode39021000invno25219111Bank Account No001581400000054IFSC CodeYESB0000015Principal Amount(₹)810000GST Amount(₹)145800Sales date2025-10-31CancelConfirm,Filled,"×
Error
Sales to registered PWP is not allowed !"
2026-05-27T07:18:16.458Z,40,25219114,2025-11-14,15,Unregistered,SHAKTI POLYMERS,03AAICM5508J1ZI,07AAGPJ3138C1Z5,Confirm Entered Details×Please check and confirm the following details. These details cannot be changed later.Registration TypeUnregisteredStateDELHIDistrictNew DelhiQuantity Sold(MT)15Name of the EntitySHAKTI POLYMERSAddressNEW DELHIGST No. of Seller03AAICM5508J1ZIGST No. of Buyer07AAGPJ3138C1Z5hsnCode39021000invno25219114Bank Account No001581400000054IFSC CodeYESB0000015Principal Amount(₹)1025075GST Amount(₹)184513.5Sales date2025-11-14CancelConfirm,Filled,"×
Error
Sales to registered PWP is not allowed !"
2026-05-27T07:18:22.677Z,44,25219118,2025-11-19,15,Unregistered,PB POLYMER,03AAICM5508J1ZI,07AAJPA6266B1Z2,Confirm Entered Details×Please check and confirm the following details. These details cannot be changed later.Registration TypeUnregisteredStateDELHIQuantity Sold(MT)15Name of the EntityPB POLYMERAddressDelhiDistrictCentral DelhiGST No. of Seller03AAICM5508J1ZIGST No. of Buyer07AAJPA6266B1Z2hsnCode39021000invno25219118Bank Account No001581400000054IFSC CodeYESB0000015Principal Amount(₹)817500GST Amount(₹)147150Sales date2025-11-19CancelConfirm,Filled,"×
Error
Sales to registered PWP is not allowed !"
2026-05-27T07:18:28.891Z,45,25219119,2025-11-25,15,Unregistered,PB POLYMER,03AAICM5508J1ZI,07AAJPA6266B1Z2,Confirm Entered Details×Please check and confirm the following details. These details cannot be changed later.Registration TypeUnregisteredStateDELHIDistrictCentral DelhiQuantity Sold(MT)15Name of the EntityPB POLYMERAddressDelhiGST No. of Seller03AAICM5508J1ZIGST No. of Buyer07AAJPA6266B1Z2hsnCode39021000invno25219119Bank Account No001581400000054IFSC CodeYESB0000015Principal Amount(₹)817500GST Amount(₹)147150Sales date2025-11-25CancelConfirm,Filled,"×
Error
Sales to registered PWP is not allowed !"
2026-05-27T07:18:35.147Z,46,25219120,2025-11-25,16.85,Unregistered,SHAKTI POLYMERS,03AAICM5508J1ZI,07AAGPJ3138C1Z5,Confirm Entered Details×Please check and confirm the following details. These details cannot be changed later.Registration TypeUnregisteredStateDELHIQuantity Sold(MT)16.85Name of the EntitySHAKTI POLYMERSAddressNEW DELHIDistrictNew DelhiGST No. of Seller03AAICM5508J1ZIGST No. of Buyer07AAGPJ3138C1Z5hsnCode39021000invno25219120Bank Account No001581400000054IFSC CodeYESB0000015Principal Amount(₹)934050GST Amount(₹)168129Sales date2025-11-25CancelConfirm,Filled,"×
Error
Sales to registered PWP is not allowed !"
2026-05-27T07:18:41.348Z,48,25219122,2025-11-26,15,Unregistered,SHAKTI POLYMERS,03AAICM5508J1ZI,07AAGPJ3138C1Z5,Confirm Entered Details×Please check and confirm the following details. These details cannot be changed later.Registration TypeUnregisteredStateDELHIDistrictNew DelhiQuantity Sold(MT)15Name of the EntitySHAKTI POLYMERSAddressNEW DELHIGST No. of Seller03AAICM5508J1ZIGST No. of Buyer07AAGPJ3138C1Z5hsnCode39021000invno25219122Bank Account No001581400000054IFSC CodeYESB0000015Principal Amount(₹)817500GST Amount(₹)147150Sales date2025-11-26CancelConfirm,Filled,"×
Error
Sales to registered PWP is not allowed !"
2026-05-27T07:18:47.669Z,56,25219124,2025-11-28,15.8,Unregistered,SHAKTI POLYMERS,03AAICM5508J1ZI,07AAGPJ3138C1Z5,Confirm Entered Details×Please check and confirm the following details. These details cannot be changed later.Registration TypeUnregisteredStateDELHIDistrictNew DelhiQuantity Sold(MT)15.8Name of the EntitySHAKTI POLYMERSAddressNEW DELHIGST No. of Seller03AAICM5508J1ZIGST No. of Buyer07AAGPJ3138C1Z5hsnCode39021000invno25219124Bank Account No001581400000054IFSC CodeYESB0000015Principal Amount(₹)861100GST Amount(₹)154998Sales date2025-11-28CancelConfirm,Filled,"×
Error
Sales to registered PWP is not allowed !"
2026-05-27T07:18:53.894Z,61,25219125,2025-11-29,15,Unregistered,PB POLYMER,03AAICM5508J1ZI,07AAJPA6266B1Z2,Confirm Entered Details×Please check and confirm the following details. These details cannot be changed later.Registration TypeUnregisteredStateDELHIQuantity Sold(MT)15Name of the EntityPB POLYMERAddressDelhiDistrictCentral DelhiGST No. of Seller03AAICM5508J1ZIGST No. of Buyer07AAJPA6266B1Z2hsnCode39021000invno25219125Bank Account No001581400000054IFSC CodeYESB0000015Principal Amount(₹)817500GST Amount(₹)147150Sales date2025-11-29CancelConfirm,Filled,"×
Error
Sales to registered PWP is not allowed !"
2026-05-27T07:19:00.210Z,67,25219131,2025-12-11,15,Unregistered,SHAKTI POLYMERS,03AAICM5508J1ZI,07AAGPJ3138C1Z5,Confirm Entered Details×Please check and confirm the following details. These details cannot be changed later.Registration TypeUnregisteredStateDELHIQuantity Sold(MT)15Name of the EntitySHAKTI POLYMERSAddressNEW DELHIDistrictNew DelhiGST No. of Seller03AAICM5508J1ZIGST No. of Buyer07AAGPJ3138C1Z5hsnCode39021000invno25219131Bank Account No001581400000054IFSC CodeYESB0000015Principal Amount(₹)817500GST Amount(₹)147150Sales date2025-12-11CancelConfirm,Filled,"×
Error
Sales to registered PWP is not allowed !"
2026-05-27T07:19:06.455Z,69,25219133,2025-12-13,15,Unregistered,SHAKTI POLYMERS,03AAICM5508J1ZI,07AAGPJ3138C1Z5,Confirm Entered Details×Please check and confirm the following details. These details cannot be changed later.Registration TypeUnregisteredStateDELHIDistrictNew DelhiQuantity Sold(MT)15Name of the EntitySHAKTI POLYMERSAddressNEW DELHIGST No. of Seller03AAICM5508J1ZIGST No. of Buyer07AAGPJ3138C1Z5hsnCode39021000invno25219133Bank Account No001581400000054IFSC CodeYESB0000015Principal Amount(₹)817500GST Amount(₹)147150Sales date2025-12-13CancelConfirm,Filled,"×
Error
Sales to registered PWP is not allowed !"
2026-05-27T07:19:12.682Z,75,25219139,2025-12-19,15,Unregistered,SHAKTI POLYMERS,03AAICM5508J1ZI,07AAGPJ3138C1Z5,Confirm Entered Details×Please check and confirm the following details. These details cannot be changed later.Registration TypeUnregisteredStateDELHIDistrictNew DelhiQuantity Sold(MT)15Name of the EntitySHAKTI POLYMERSAddressNEW DELHIGST No. of Seller03AAICM5508J1ZIGST No. of Buyer07AAGPJ3138C1Z5hsnCode39021000invno25219139Bank Account No001581400000054IFSC CodeYESB0000015Principal Amount(₹)891425GST Amount(₹)160456.5Sales date2025-12-19CancelConfirm,Filled,"×
Error
Sales to registered PWP is not allowed !"
2026-05-27T07:19:18.900Z,76,25219141,2025-12-23,16.175,Unregistered,SHAKTI POLYMERS,03AAICM5508J1ZI,07AAGPJ3138C1Z5,Confirm Entered Details×Please check and confirm the following details. These details cannot be changed later.Registration TypeUnregisteredStateDELHIDistrictNew DelhiQuantity Sold(MT)16.18Name of the EntitySHAKTI POLYMERSAddressNEW DELHIGST No. of Seller03AAICM5508J1ZIGST No. of Buyer07AAGPJ3138C1Z5hsnCode39021000invno25219141Bank Account No001581400000054IFSC CodeYESB0000015Principal Amount(₹)881537.5GST Amount(₹)158676.75Sales date2025-12-23CancelConfirm,Filled,"×
Error
Sales to registered PWP is not allowed !"
2026-05-27T07:19:25.043Z,84,25219143,2025-12-29,15,Unregistered,PB POLYMER,03AAICM5508J1ZI,07AAJPA6266B1Z2,Confirm Entered Details×Please check and confirm the following details. These details cannot be changed later.Registration TypeUnregisteredStateDELHIQuantity Sold(MT)15Name of the EntityPB POLYMERAddressDelhiDistrictCentral DelhiGST No. of Seller03AAICM5508J1ZIGST No. of Buyer07AAJPA6266B1Z2hsnCode39021000invno25219143Bank Account No001581400000054IFSC CodeYESB0000015Principal Amount(₹)817500GST Amount(₹)147150Sales date2025-12-29CancelConfirm,Filled,"×
Error
Sales to registered PWP is not allowed !"
2026-05-27T07:19:31.309Z,85,25219144,2025-12-30,15,Unregistered,PB POLYMER,03AAICM5508J1ZI,07AAJPA6266B1Z2,Confirm Entered Details×Please check and confirm the following details. These details cannot be changed later.Registration TypeUnregisteredStateDELHIDistrictCentral DelhiQuantity Sold(MT)15Name of the EntityPB POLYMERAddressDelhiGST No. of Seller03AAICM5508J1ZIGST No. of Buyer07AAJPA6266B1Z2hsnCode39021000invno25219144Bank Account No001581400000054IFSC CodeYESB0000015Principal Amount(₹)817500GST Amount(₹)147150Sales date2025-12-30CancelConfirm,Filled,"×
Error
Sales to registered PWP is not allowed !"
2026-05-27T07:19:37.606Z,87,25219146,2025-12-31,12.825,Unregistered,SHAKTI POLYMERS,03AAICM5508J1ZI,07AAGPJ3138C1Z5,Confirm Entered Details×Please check and confirm the following details. These details cannot be changed later.Registration TypeUnregisteredStateDELHIQuantity Sold(MT)12.82Name of the EntitySHAKTI POLYMERSAddressNEW DELHIDistrictNew DelhiGST No. of Seller03AAICM5508J1ZIGST No. of Buyer07AAGPJ3138C1Z5hsnCode39021000invno25219146Bank Account No001581400000054IFSC CodeYESB0000015Principal Amount(₹)698962.5GST Amount(₹)125813.25Sales date2025-12-31CancelConfirm,Filled,"×
Error
Sales to registered PWP is not allowed !"
2026-05-27T07:19:44.100Z,97,25239101,2026-01-14,10,Unregistered,TNC-INC SOLUTIONS PRIVATE LIMITED,03AAICM5508J1ZI,03AAKCT7404L1Z6,Confirm Entered Details×Please check and confirm the following details. These details cannot be changed later.Registration TypeUnregisteredQuantity Sold(MT)10Name of the EntityTNC-INC SOLUTIONS PRIVATE LIMITEDAddressMOHALIStatePUNJABDistrictSahibzada Ajit Singh Nagar (Mohali)GST No. of Seller03AAICM5508J1ZIGST No. of Buyer03AAKCT7404L1Z6hsnCode39021000invno25239101Bank Account No001581400000054IFSC CodeYESB0000015Principal Amount(₹)555000GST Amount(₹)99900Sales date2026-01-14CancelConfirm,Filled,"×
Error
Sales to registered PWP is not allowed !"
2026-05-27T07:19:50.576Z,100,25219155,2026-01-23,9.4,Unregistered,SHAKTI POLYMERS,03AAICM5508J1ZI,07AAGPJ3138C1Z5,Confirm Entered Details×Please check and confirm the following details. These details cannot be changed later.Registration TypeUnregisteredQuantity Sold(MT)9.4Name of the EntitySHAKTI POLYMERSAddressNEW DELHIStateDELHIDistrictNew DelhiGST No. of Seller03AAICM5508J1ZIGST No. of Buyer07AAGPJ3138C1Z5hsnCode39021000invno25219155Bank Account No001581400000054IFSC CodeYESB0000015Principal Amount(₹)502900GST Amount(₹)90522Sales date2026-01-23CancelConfirm,Filled,"×
Error
Sales to registered PWP is not allowed !"
2026-05-27T07:19:57.112Z,105,25239105,2026-01-27,10.325,Unregistered,TNC-INC SOLUTIONS PRIVATE LIMITED,03AAICM5508J1ZI,03AAKCT7404L1Z6,Confirm Entered Details×Please check and confirm the following details. These details cannot be changed later.Registration TypeUnregisteredQuantity Sold(MT)10.32Name of the EntityTNC-INC SOLUTIONS PRIVATE LIMITEDAddressMOHALIStatePUNJABDistrictSahibzada Ajit Singh Nagar (Mohali)GST No. of Seller03AAICM5508J1ZIGST No. of Buyer03AAKCT7404L1Z6hsnCode39021000invno25239105Bank Account No001581400000054IFSC CodeYESB0000015Principal Amount(₹)666375GST Amount(₹)119947.5Sales date2026-01-27CancelConfirm,Filled,"×
Error
Sales to registered PWP is not allowed !"
2026-05-27T07:20:03.542Z,118,25219164,2026-02-14,15,Unregistered,SHAKTI POLYMERS,03AAICM5508J1ZI,07AAGPJ3138C1Z5,Confirm Entered Details×Please check and confirm the following details. These details cannot be changed later.Registration TypeUnregisteredQuantity Sold(MT)15Name of the EntitySHAKTI POLYMERSAddressNEW DELHIStateDELHIDistrictNew DelhiGST No. of Seller03AAICM5508J1ZIGST No. of Buyer07AAGPJ3138C1Z5hsnCode39021000invno25219164Bank Account No001581400000054IFSC CodeYESB0000015Principal Amount(₹)855000GST Amount(₹)153900Sales date2026-02-14CancelConfirm,Filled,"×
Error
Sales to registered PWP is not allowed !"
2026-05-27T07:20:10.054Z,150,25219192,2026-03-30,30,Unregistered,SAGAR POLYMERS,03AAICM5508J1ZI,26ABLFS2221D1ZI,"Confirm Entered Details×Please check and confirm the following details. These details cannot be changed later.Registration TypeUnregisteredQuantity Sold(MT)30Name of the EntitySAGAR POLYMERSAddressDAMAN, DADRA AND NAGAR HAVELIStateDADRA AND NAGAR HAVELI AND DAMAN AND DIUDistrictDadra & Nagar HaveliGST No. of Seller03AAICM5508J1ZIGST No. of Buyer26ABLFS2221D1ZIhsnCode39021000invno25219192Bank Account No001581400000054IFSC CodeYESB0000015Principal Amount(₹)3540000GST Amount(₹)637200Sales date2026-03-30CancelConfirm",Filled,"×
Error
Sales to registered PWP is not allowed !"
2026-05-27T07:20:16.556Z,159,25015003,2025-04-01,9,Unregistered,SHAKTI PLAST CHEM PRIVATE LIMITED,03AAICM5508J1ZI,07ABKCS4860N1ZN,Confirm Entered Details×Please check and confirm the following details. These details cannot be changed later.Registration TypeUnregisteredQuantity Sold(MT)9Name of the EntitySHAKTI PLAST CHEM PRIVATE LIMITEDAddressNEW DELHIStateDELHIDistrictNew DelhiGST No. of Seller03AAICM5508J1ZIGST No. of Buyer07ABKCS4860N1ZNhsnCode39021000invno25015003Bank Account No001581400000054IFSC CodeYESB0000015Principal Amount(₹)733555.5GST Amount(₹)132039.99Sales date2025-04-01CancelConfirm,Filled,"×
Error
Sales to registered PWP is not allowed !"
2026-05-27T07:20:22.482Z,163,25015025,2025-04-03,9,Unregistered,SHAKTI PLAST CHEM PRIVATE LIMITED,03AAICM5508J1ZI,07ABKCS4860N1ZN,Confirm Entered Details×Please check and confirm the following details. These details cannot be changed later.Registration TypeUnregisteredStateDELHIDistrictNew DelhiQuantity Sold(MT)9Name of the EntitySHAKTI PLAST CHEM PRIVATE LIMITEDAddressNEW DELHIGST No. of Seller03AAICM5508J1ZIGST No. of Buyer07ABKCS4860N1ZNhsnCode39021000invno25015025Bank Account No001581400000054IFSC CodeYESB0000015Principal Amount(₹)743372.5GST Amount(₹)133807.05Sales date2025-04-03CancelConfirm,Filled,"×
Error
Sales to registered PWP is not allowed !"
2026-05-27T07:20:28.445Z,165,25015060,2025-04-04,15,Unregistered,SHAKTI POLYMERS,03AAICM5508J1ZI,07AAGPJ3138C1Z5,Confirm Entered Details×Please check and confirm the following details. These details cannot be changed later.Registration TypeUnregisteredStateDELHIDistrictNew DelhiQuantity Sold(MT)15Name of the EntitySHAKTI POLYMERSAddressNEW DELHIGST No. of Seller03AAICM5508J1ZIGST No. of Buyer07AAGPJ3138C1Z5hsnCode39021000invno25015060Bank Account No001581400000054IFSC CodeYESB0000015Principal Amount(₹)1342500GST Amount(₹)241650Sales date2025-04-04CancelConfirm,Filled,"×
Error
Sales to registered PWP is not allowed !"
2026-05-27T07:20:34.446Z,169,25015093,2025-04-05,9,Unregistered,SHAKTI PLAST CHEM PRIVATE LIMITED,03AAICM5508J1ZI,07ABKCS4860N1ZN,Confirm Entered Details×Please check and confirm the following details. These details cannot be changed later.Registration TypeUnregisteredStateDELHIDistrictNew DelhiQuantity Sold(MT)9Name of the EntitySHAKTI PLAST CHEM PRIVATE LIMITEDAddressNEW DELHIGST No. of Seller03AAICM5508J1ZIGST No. of Buyer07ABKCS4860N1ZNhsnCode39021000invno25015093Bank Account No001581400000054IFSC CodeYESB0000015Principal Amount(₹)696946.5GST Amount(₹)125450.37Sales date2025-04-05CancelConfirm,Filled,"×
Error
Sales to registered PWP is not allowed !"
2026-05-27T07:20:40.372Z,171,25015126,2025-04-07,9,Unregistered,SHAKTI PLAST CHEM PRIVATE LIMITED,03AAICM5508J1ZI,07ABKCS4860N1ZN,Confirm Entered Details×Please check and confirm the following details. These details cannot be changed later.Registration TypeUnregisteredStateDELHIDistrictNew DelhiQuantity Sold(MT)9Name of the EntitySHAKTI PLAST CHEM PRIVATE LIMITEDAddressNEW DELHIGST No. of Seller03AAICM5508J1ZIGST No. of Buyer07ABKCS4860N1ZNhsnCode39021000invno25015126Bank Account No001581400000054IFSC CodeYESB0000015Principal Amount(₹)748260GST Amount(₹)134686.8Sales date2025-04-07CancelConfirm,Filled,"×
Error
Sales to registered PWP is not allowed !"
2026-05-27T07:20:46.268Z,174,25015145,2025-04-08,9,Unregistered,SHAKTI PLAST CHEM PRIVATE LIMITED,03AAICM5508J1ZI,07ABKCS4860N1ZN,Confirm Entered Details×Please check and confirm the following details. These details cannot be changed later.Registration TypeUnregisteredStateDELHIDistrictNew DelhiQuantity Sold(MT)9Name of the EntitySHAKTI PLAST CHEM PRIVATE LIMITEDAddressNEW DELHIGST No. of Seller03AAICM5508J1ZIGST No. of Buyer07ABKCS4860N1ZNhsnCode39021000invno25015145Bank Account No001581400000054IFSC CodeYESB0000015Principal Amount(₹)708840GST Amount(₹)127591.2Sales date2025-04-08CancelConfirm,Filled,"×
Error
Sales to registered PWP is not allowed !"
2026-05-27T07:20:52.154Z,179,25015199,2025-04-10,9,Unregistered,SHAKTI PLAST CHEM PRIVATE LIMITED,03AAICM5508J1ZI,07ABKCS4860N1ZN,Confirm Entered Details×Please check and confirm the following details. These details cannot be changed later.Registration TypeUnregisteredStateDELHIDistrictNew DelhiQuantity Sold(MT)9Name of the EntitySHAKTI PLAST CHEM PRIVATE LIMITEDAddressNEW DELHIGST No. of Seller03AAICM5508J1ZIGST No. of Buyer07ABKCS4860N1ZNhsnCode39021000invno25015199Bank Account No001581400000054IFSC CodeYESB0000015Principal Amount(₹)714870GST Amount(₹)128676.6Sales date2025-04-10CancelConfirm,Filled,"×
Error
Sales to registered PWP is not allowed !"
2026-05-27T07:20:58.375Z,182,25015211,2025-04-10,10,Unregistered,PEECO POLYTECH PRIVATE LIMITED,03AAICM5508J1ZI,06AAECP9388H2ZV,Confirm Entered Details×Please check and confirm the following details. These details cannot be changed later.Registration TypeUnregisteredQuantity Sold(MT)10Name of the EntityPEECO POLYTECH PRIVATE LIMITEDAddressSONIPATStateHARYANADistrictSonipatGST No. of Seller03AAICM5508J1ZIGST No. of Buyer06AAECP9388H2ZVhsnCode39021000invno25015211Bank Account No001581400000054IFSC CodeYESB0000015Principal Amount(₹)820000GST Amount(₹)147600Sales date2025-04-10CancelConfirm,Filled,"×
Error
Sales to registered PWP is not allowed !"
2026-05-27T07:21:04.412Z,183,25015277,2025-04-14,9,Unregistered,SHAKTI PLAST CHEM PRIVATE LIMITED,03AAICM5508J1ZI,07ABKCS4860N1ZN,Confirm Entered Details×Please check and confirm the following details. These details cannot be changed later.Registration TypeUnregisteredQuantity Sold(MT)9Name of the EntitySHAKTI PLAST CHEM PRIVATE LIMITEDAddressNEW DELHIStateDELHIDistrictNew DelhiGST No. of Seller03AAICM5508J1ZIGST No. of Buyer07ABKCS4860N1ZNhsnCode39021000invno25015277Bank Account No001581400000054IFSC CodeYESB0000015Principal Amount(₹)748260GST Amount(₹)134686.8Sales date2025-04-14CancelConfirm,Filled,"×
Error
Sales to registered PWP is not allowed !"
2026-05-27T07:21:10.448Z,186,25015281,2025-04-14,15,Unregistered,ANAND TWINES MANUFACTURING PRIVATE LIMITED,03AAICM5508J1ZI,09AAMCA0123H1ZY,Confirm Entered Details×Please check and confirm the following details. These details cannot be changed later.Registration TypeUnregisteredQuantity Sold(MT)15Name of the EntityANAND TWINES MANUFACTURING PRIVATE LIMITEDAddressNOIDAStateUTTAR PRADESHDistrictGautam Buddha NagarGST No. of Seller03AAICM5508J1ZIGST No. of Buyer09AAMCA0123H1ZYhsnCode39021000invno25015281Bank Account No001581400000054IFSC CodeYESB0000015Principal Amount(₹)1323750GST Amount(₹)238275Sales date2025-04-14CancelConfirm,Filled,"×
Error
Sales to registered PWP is not allowed !"
2026-05-27T07:21:16.583Z,187,25015282,2025-04-14,15,Unregistered,SHAKTI POLYMERS,03AAICM5508J1ZI,07AAGPJ3138C1Z5,Confirm Entered Details×Please check and confirm the following details. These details cannot be changed later.Registration TypeUnregisteredQuantity Sold(MT)15Name of the EntitySHAKTI POLYMERSAddressNEW DELHIStateDELHIDistrictNew DelhiGST No. of Seller03AAICM5508J1ZIGST No. of Buyer07AAGPJ3138C1Z5hsnCode39021000invno25015282Bank Account No001581400000054IFSC CodeYESB0000015Principal Amount(₹)1260000GST Amount(₹)226800Sales date2025-04-14CancelConfirm,Filled,"×
Error
Sales to registered PWP is not allowed !"
2026-05-27T07:21:22.477Z,190,25015338,2025-04-16,9,Unregistered,SHAKTI PLAST CHEM PRIVATE LIMITED,03AAICM5508J1ZI,07ABKCS4860N1ZN,Confirm Entered Details×Please check and confirm the following details. These details cannot be changed later.Registration TypeUnregisteredStateDELHIDistrictNew DelhiQuantity Sold(MT)9Name of the EntitySHAKTI PLAST CHEM PRIVATE LIMITEDAddressNEW DELHIGST No. of Seller03AAICM5508J1ZIGST No. of Buyer07ABKCS4860N1ZNhsnCode39021000invno25015338Bank Account No001581400000054IFSC CodeYESB0000015Principal Amount(₹)748260GST Amount(₹)134686.8Sales date2025-04-16CancelConfirm,Filled,"×
Error
Sales to registered PWP is not allowed !"
2026-05-27T07:21:28.571Z,193,25015341,2025-04-16,15,Unregistered,ANAND TWINES MANUFACTURING PRIVATE LIMITED,03AAICM5508J1ZI,09AAMCA0123H1ZY,Confirm Entered Details×Please check and confirm the following details. These details cannot be changed later.Registration TypeUnregisteredQuantity Sold(MT)15Name of the EntityANAND TWINES MANUFACTURING PRIVATE LIMITEDAddressNOIDAStateUTTAR PRADESHDistrictGautam Buddha NagarGST No. of Seller03AAICM5508J1ZIGST No. of Buyer09AAMCA0123H1ZYhsnCode39021000invno25015341Bank Account No001581400000054IFSC CodeYESB0000015Principal Amount(₹)1323750GST Amount(₹)238275Sales date2025-04-16CancelConfirm,Filled,"×
Error
Sales to registered PWP is not allowed !"
2026-05-27T07:21:34.770Z,194,25015345,2025-04-16,15,Unregistered,PEECO POLYTECH PRIVATE LIMITED,03AAICM5508J1ZI,06AAECP9388H2ZV,Confirm Entered Details×Please check and confirm the following details. These details cannot be changed later.Registration TypeUnregisteredQuantity Sold(MT)15Name of the EntityPEECO POLYTECH PRIVATE LIMITEDAddressSONIPATStateHARYANADistrictSonipatGST No. of Seller03AAICM5508J1ZIGST No. of Buyer06AAECP9388H2ZVhsnCode39021000invno25015345Bank Account No001581400000054IFSC CodeYESB0000015Principal Amount(₹)1230000GST Amount(₹)221400Sales date2025-04-16CancelConfirm,Filled,"×
Error
Sales to registered PWP is not allowed !"
2026-05-27T07:21:40.962Z,195,25015347,2025-04-16,9,Unregistered,SHAKTI PLAST CHEM PRIVATE LIMITED,03AAICM5508J1ZI,07ABKCS4860N1ZN,Confirm Entered Details×Please check and confirm the following details. These details cannot be changed later.Registration TypeUnregisteredQuantity Sold(MT)9Name of the EntitySHAKTI PLAST CHEM PRIVATE LIMITEDAddressNEW DELHIStateDELHIDistrictNew DelhiGST No. of Seller03AAICM5508J1ZIGST No. of Buyer07ABKCS4860N1ZNhsnCode39021000invno25015347Bank Account No001581400000054IFSC CodeYESB0000015Principal Amount(₹)712560GST Amount(₹)128260.8Sales date2025-04-16CancelConfirm,Filled,"×
Error
Sales to registered PWP is not allowed !"
2026-05-27T07:21:47.113Z,199,25015373,2025-04-17,15,Unregistered,ANAND TWINES MANUFACTURING PRIVATE LIMITED,03AAICM5508J1ZI,09AAMCA0123H1ZY,Confirm Entered Details×Please check and confirm the following details. These details cannot be changed later.Registration TypeUnregisteredQuantity Sold(MT)15Name of the EntityANAND TWINES MANUFACTURING PRIVATE LIMITEDAddressNOIDAStateUTTAR PRADESHDistrictGautam Buddha NagarGST No. of Seller03AAICM5508J1ZIGST No. of Buyer09AAMCA0123H1ZYhsnCode39021000invno25015373Bank Account No001581400000054IFSC CodeYESB0000015Principal Amount(₹)1222500GST Amount(₹)220050Sales date2025-04-17CancelConfirm,Filled,"×
Error
Sales to registered PWP is not allowed !"
2026-05-27T07:21:53.253Z,200,25015390,2025-04-18,10,Unregistered,SHAKTI POLYMERS,03AAICM5508J1ZI,07AAGPJ3138C1Z5,Confirm Entered Details×Please check and confirm the following details. These details cannot be changed later.Registration TypeUnregisteredQuantity Sold(MT)10Name of the EntitySHAKTI POLYMERSAddressNEW DELHIStateDELHIDistrictNew DelhiGST No. of Seller03AAICM5508J1ZIGST No. of Buyer07AAGPJ3138C1Z5hsnCode39021000invno25015390Bank Account No001581400000054IFSC CodeYESB0000015Principal Amount(₹)840000GST Amount(₹)151200Sales date2025-04-18CancelConfirm,Filled,"×
Error
Sales to registered PWP is not allowed !"
2026-05-27T07:21:59.375Z,201,25015392,2025-04-18,10,Unregistered,PEECO POLYTECH PRIVATE LIMITED,03AAICM5508J1ZI,06AAECP9388H2ZV,Confirm Entered Details×Please check and confirm the following details. These details cannot be changed later.Registration TypeUnregisteredQuantity Sold(MT)10Name of the EntityPEECO POLYTECH PRIVATE LIMITEDAddressSONIPATStateHARYANADistrictSonipatGST No. of Seller03AAICM5508J1ZIGST No. of Buyer06AAECP9388H2ZVhsnCode39021000invno25015392Bank Account No001581400000054IFSC CodeYESB0000015Principal Amount(₹)820000GST Amount(₹)147600Sales date2025-04-18CancelConfirm,Filled,"×
Error
Sales to registered PWP is not allowed !"
2026-05-27T07:22:05.545Z,203,25015422,2025-04-19,9,Unregistered,SHAKTI PLAST CHEM PRIVATE LIMITED,03AAICM5508J1ZI,07ABKCS4860N1ZN,Confirm Entered Details×Please check and confirm the following details. These details cannot be changed later.Registration TypeUnregisteredQuantity Sold(MT)9Name of the EntitySHAKTI PLAST CHEM PRIVATE LIMITEDAddressNEW DELHIStateDELHIDistrictNew DelhiGST No. of Seller03AAICM5508J1ZIGST No. of Buyer07ABKCS4860N1ZNhsnCode39021000invno25015422Bank Account No001581400000054IFSC CodeYESB0000015Principal Amount(₹)674974.5GST Amount(₹)121495.41Sales date2025-04-19CancelConfirm,Filled,"×
Error
Sales to registered PWP is not allowed !"
2026-05-27T07:22:11.455Z,207,25015498,2025-04-22,10,Unregistered,SHAKTI PLAST CHEM PRIVATE LIMITED,03AAICM5508J1ZI,07ABKCS4860N1ZN,Confirm Entered Details×Please check and confirm the following details. These details cannot be changed later.Registration TypeUnregisteredStateDELHIDistrictNew DelhiQuantity Sold(MT)10Name of the EntitySHAKTI PLAST CHEM PRIVATE LIMITEDAddressNEW DELHIGST No. of Seller03AAICM5508J1ZIGST No. of Buyer07ABKCS4860N1ZNhsnCode39021000invno25015498Bank Account No001581400000054IFSC CodeYESB0000015Principal Amount(₹)779230GST Amount(₹)140261.4Sales date2025-04-22CancelConfirm,Filled,"×
Error
Sales to registered PWP is not allowed !"
2026-05-27T07:22:17.544Z,211,25015543,2025-04-23,15,Unregistered,ANAND TWINES MANUFACTURING PRIVATE LIMITED,03AAICM5508J1ZI,09AAMCA0123H1ZY,Confirm Entered Details×Please check and confirm the following details. These details cannot be changed later.Registration TypeUnregisteredQuantity Sold(MT)15Name of the EntityANAND TWINES MANUFACTURING PRIVATE LIMITEDAddressNOIDAStateUTTAR PRADESHDistrictGautam Buddha NagarGST No. of Seller03AAICM5508J1ZIGST No. of Buyer09AAMCA0123H1ZYhsnCode39021000invno25015543Bank Account No001581400000054IFSC CodeYESB0000015Principal Amount(₹)1323750GST Amount(₹)238275Sales date2025-04-23CancelConfirm,Filled,"×
Error
Sales to registered PWP is not allowed !"
2026-05-27T07:22:23.714Z,212,25015544,2025-04-23,10,Unregistered,PEECO POLYTECH PRIVATE LIMITED,03AAICM5508J1ZI,06AAECP9388H2ZV,Confirm Entered Details×Please check and confirm the following details. These details cannot be changed later.Registration TypeUnregisteredQuantity Sold(MT)10Name of the EntityPEECO POLYTECH PRIVATE LIMITEDAddressSONIPATStateHARYANADistrictSonipatGST No. of Seller03AAICM5508J1ZIGST No. of Buyer06AAECP9388H2ZVhsnCode39021000invno25015544Bank Account No001581400000054IFSC CodeYESB0000015Principal Amount(₹)820000GST Amount(₹)147600Sales date2025-04-23CancelConfirm,Filled,"×
Error
Sales to registered PWP is not allowed !"
2026-05-27T07:22:29.626Z,213,25015545,2025-04-23,10,Unregistered,SHAKTI PLAST CHEM PRIVATE LIMITED,03AAICM5508J1ZI,07ABKCS4860N1ZN,Confirm Entered Details×Please check and confirm the following details. These details cannot be changed later.Registration TypeUnregisteredQuantity Sold(MT)10Name of the EntitySHAKTI PLAST CHEM PRIVATE LIMITEDAddressNEW DELHIStateDELHIDistrictNew DelhiGST No. of Seller03AAICM5508J1ZIGST No. of Buyer07ABKCS4860N1ZNhsnCode39021000invno25015545Bank Account No001581400000054IFSC CodeYESB0000015Principal Amount(₹)783700GST Amount(₹)141066Sales date2025-04-23CancelConfirm,Filled,"×
Error
Sales to registered PWP is not allowed !"
2026-05-27T07:22:35.458Z,217,25015590,2025-04-24,10,Unregistered,SHAKTI PLAST CHEM PRIVATE LIMITED,03AAICM5508J1ZI,07ABKCS4860N1ZN,Confirm Entered Details×Please check and confirm the following details. These details cannot be changed later.Registration TypeUnregisteredStateDELHIDistrictNew DelhiQuantity Sold(MT)10Name of the EntitySHAKTI PLAST CHEM PRIVATE LIMITEDAddressNEW DELHIGST No. of Seller03AAICM5508J1ZIGST No. of Buyer07ABKCS4860N1ZNhsnCode39021000invno25015590Bank Account No001581400000054IFSC CodeYESB0000015Principal Amount(₹)781630GST Amount(₹)140693.4Sales date2025-04-24CancelConfirm,Filled,"×
Error
Sales to registered PWP is not allowed !"
2026-05-27T07:22:41.376Z,220,25015628,2025-04-25,10,Unregistered,SHAKTI PLAST CHEM PRIVATE LIMITED,03AAICM5508J1ZI,07ABKCS4860N1ZN,Confirm Entered Details×Please check and confirm the following details. These details cannot be changed later.Registration TypeUnregisteredStateDELHIDistrictNew DelhiQuantity Sold(MT)10Name of the EntitySHAKTI PLAST CHEM PRIVATE LIMITEDAddressNEW DELHIGST No. of Seller03AAICM5508J1ZIGST No. of Buyer07ABKCS4860N1ZNhsnCode39021000invno25015628Bank Account No001581400000054IFSC CodeYESB0000015Principal Amount(₹)783685.5GST Amount(₹)141063.39Sales date2025-04-25CancelConfirm,Filled,"×
Error
Sales to registered PWP is not allowed !"
2026-05-27T07:22:47.295Z,224,25015774,2025-04-29,10,Unregistered,SHAKTI PLAST CHEM PRIVATE LIMITED,03AAICM5508J1ZI,07ABKCS4860N1ZN,Confirm Entered Details×Please check and confirm the following details. These details cannot be changed later.Registration TypeUnregisteredStateDELHIDistrictNew DelhiQuantity Sold(MT)10Name of the EntitySHAKTI PLAST CHEM PRIVATE LIMITEDAddressNEW DELHIGST No. of Seller03AAICM5508J1ZIGST No. of Buyer07ABKCS4860N1ZNhsnCode39021000invno25015774Bank Account No001581400000054IFSC CodeYESB0000015Principal Amount(₹)800980GST Amount(₹)144176.4Sales date2025-04-29CancelConfirm,Filled,"×
Error
Sales to registered PWP is not allowed !"
2026-05-27T07:22:53.177Z,227,25015816,2025-04-30,10,Unregistered,SHAKTI PLAST CHEM PRIVATE LIMITED,03AAICM5508J1ZI,07ABKCS4860N1ZN,Confirm Entered Details×Please check and confirm the following details. These details cannot be changed later.Registration TypeUnregisteredStateDELHIDistrictNew DelhiQuantity Sold(MT)10Name of the EntitySHAKTI PLAST CHEM PRIVATE LIMITEDAddressNEW DELHIGST No. of Seller03AAICM5508J1ZIGST No. of Buyer07ABKCS4860N1ZNhsnCode39021000invno25015816Bank Account No001581400000054IFSC CodeYESB0000015Principal Amount(₹)809334GST Amount(₹)145680.12Sales date2025-04-30CancelConfirm,Filled,"×
Error
Sales to registered PWP is not allowed !"
2026-05-27T07:22:59.041Z,230,25015825,2025-04-30,9,Unregistered,SHAKTI PLAST CHEM PRIVATE LIMITED,03AAICM5508J1ZI,07ABKCS4860N1ZN,Confirm Entered Details×Please check and confirm the following details. These details cannot be changed later.Registration TypeUnregisteredStateDELHIDistrictNew DelhiQuantity Sold(MT)9Name of the EntitySHAKTI PLAST CHEM PRIVATE LIMITEDAddressNEW DELHIGST No. of Seller03AAICM5508J1ZIGST No. of Buyer07ABKCS4860N1ZNhsnCode39021000invno25015825Bank Account No001581400000054IFSC CodeYESB0000015Principal Amount(₹)721916GST Amount(₹)129944.88Sales date2025-04-30CancelConfirm,Filled,"×
Error
Sales to registered PWP is not allowed !"
2026-05-27T07:23:05.093Z,235,25015984,2025-05-06,10,Unregistered,PEECO POLYTECH PRIVATE LIMITED,03AAICM5508J1ZI,06AAECP9388H2ZV,Confirm Entered Details×Please check and confirm the following details. These details cannot be changed later.Registration TypeUnregisteredQuantity Sold(MT)10Name of the EntityPEECO POLYTECH PRIVATE LIMITEDAddressSONIPATStateHARYANADistrictSonipatGST No. of Seller03AAICM5508J1ZIGST No. of Buyer06AAECP9388H2ZVhsnCode39021000invno25015984Bank Account No001581400000054IFSC CodeYESB0000015Principal Amount(₹)810000GST Amount(₹)145800Sales date2025-05-06CancelConfirm,Filled,"×
Error
Sales to registered PWP is not allowed !"
2026-05-27T07:23:11.159Z,236,25015993,2025-05-06,10,Unregistered,SHAKTI PLAST CHEM PRIVATE LIMITED,03AAICM5508J1ZI,07ABKCS4860N1ZN,Confirm Entered Details×Please check and confirm the following details. These details cannot be changed later.Registration TypeUnregisteredQuantity Sold(MT)10Name of the EntitySHAKTI PLAST CHEM PRIVATE LIMITEDAddressNEW DELHIStateDELHIDistrictNew DelhiGST No. of Seller03AAICM5508J1ZIGST No. of Buyer07ABKCS4860N1ZNhsnCode39021000invno25015993Bank Account No001581400000054IFSC CodeYESB0000015Principal Amount(₹)807260GST Amount(₹)145306.8Sales date2025-05-06CancelConfirm,Filled,"×
Error
Sales to registered PWP is not allowed !"
2026-05-27T07:23:17.357Z,239,25015996,2025-05-06,16,Unregistered,ANAND TWINES MANUFACTURING PRIVATE LIMITED,03AAICM5508J1ZI,09AAMCA0123H1ZY,Confirm Entered Details×Please check and confirm the following details. These details cannot be changed later.Registration TypeUnregisteredQuantity Sold(MT)16Name of the EntityANAND TWINES MANUFACTURING PRIVATE LIMITEDAddressNOIDAStateUTTAR PRADESHDistrictGautam Buddha NagarGST No. of Seller03AAICM5508J1ZIGST No. of Buyer09AAMCA0123H1ZYhsnCode39021000invno25015996Bank Account No001581400000054IFSC CodeYESB0000015Principal Amount(₹)1304000GST Amount(₹)234720Sales date2025-05-06CancelConfirm,Filled,"×
Error
Sales to registered PWP is not allowed !"
2026-05-27T07:23:23.479Z,240,25016050,2025-05-08,9,Unregistered,SHAKTI PLAST CHEM PRIVATE LIMITED,03AAICM5508J1ZI,07ABKCS4860N1ZN,Confirm Entered Details×Please check and confirm the following details. These details cannot be changed later.Registration TypeUnregisteredQuantity Sold(MT)9Name of the EntitySHAKTI PLAST CHEM PRIVATE LIMITEDAddressNEW DELHIStateDELHIDistrictNew DelhiGST No. of Seller03AAICM5508J1ZIGST No. of Buyer07ABKCS4860N1ZNhsnCode39021000invno25016050Bank Account No001581400000054IFSC CodeYESB0000015Principal Amount(₹)674670GST Amount(₹)121440.6Sales date2025-05-08CancelConfirm,Filled,"×
Error
Sales to registered PWP is not allowed !"
2026-05-27T07:23:29.346Z,244,25016092,2025-05-09,9,Unregistered,SHAKTI PLAST CHEM PRIVATE LIMITED,03AAICM5508J1ZI,07ABKCS4860N1ZN,Confirm Entered Details×Please check and confirm the following details. These details cannot be changed later.Registration TypeUnregisteredStateDELHIDistrictNew DelhiQuantity Sold(MT)9Name of the EntitySHAKTI PLAST CHEM PRIVATE LIMITEDAddressNEW DELHIGST No. of Seller03AAICM5508J1ZIGST No. of Buyer07ABKCS4860N1ZNhsnCode39021000invno25016092Bank Account No001581400000054IFSC CodeYESB0000015Principal Amount(₹)727444.5GST Amount(₹)130940.01Sales date2025-05-09CancelConfirm,Filled,"×
Error
Sales to registered PWP is not allowed !"
2026-05-27T07:23:35.486Z,247,25016132,2025-05-10,15,Unregistered,SHAKTI POLYMERS,03AAICM5508J1ZI,07AAGPJ3138C1Z5,Confirm Entered Details×Please check and confirm the following details. These details cannot be changed later.Registration TypeUnregisteredStateDELHIDistrictNew DelhiQuantity Sold(MT)15Name of the EntitySHAKTI POLYMERSAddressNEW DELHIGST No. of Seller03AAICM5508J1ZIGST No. of Buyer07AAGPJ3138C1Z5hsnCode39021000invno25016132Bank Account No001581400000054IFSC CodeYESB0000015Principal Amount(₹)1260000GST Amount(₹)226800Sales date2025-05-10CancelConfirm,Filled,"×
Error
Sales to registered PWP is not allowed !"
2026-05-27T07:23:41.583Z,248,25016133,2025-05-10,15,Unregistered,ANAND TWINES MANUFACTURING PRIVATE LIMITED,03AAICM5508J1ZI,09AAMCA0123H1ZY,Confirm Entered Details×Please check and confirm the following details. These details cannot be changed later.Registration TypeUnregisteredQuantity Sold(MT)15Name of the EntityANAND TWINES MANUFACTURING PRIVATE LIMITEDAddressNOIDAStateUTTAR PRADESHDistrictGautam Buddha NagarGST No. of Seller03AAICM5508J1ZIGST No. of Buyer09AAMCA0123H1ZYhsnCode39021000invno25016133Bank Account No001581400000054IFSC CodeYESB0000015Principal Amount(₹)1323750GST Amount(₹)238275Sales date2025-05-10CancelConfirm,Filled,"×
Error
Sales to registered PWP is not allowed !"
2026-05-27T07:23:47.484Z,249,25016169,2025-05-12,10,Unregistered,ANAND TWINES MANUFACTURING PRIVATE LIMITED,03AAICM5508J1ZI,09AAMCA0123H1ZY,Confirm Entered Details×Please check and confirm the following details. These details cannot be changed later.Registration TypeUnregisteredStateUTTAR PRADESHDistrictGautam Buddha NagarQuantity Sold(MT)10Name of the EntityANAND TWINES MANUFACTURING PRIVATE LIMITEDAddressNOIDAGST No. of Seller03AAICM5508J1ZIGST No. of Buyer09AAMCA0123H1ZYhsnCode39021000invno25016169Bank Account No001581400000054IFSC CodeYESB0000015Principal Amount(₹)882500GST Amount(₹)158850Sales date2025-05-12CancelConfirm,Filled,"×
Error
Sales to registered PWP is not allowed !"
2026-05-27T07:23:53.632Z,250,25016170,2025-05-12,15,Unregistered,PEECO POLYTECH PRIVATE LIMITED,03AAICM5508J1ZI,06AAECP9388H2ZV,Confirm Entered Details×Please check and confirm the following details. These details cannot be changed later.Registration TypeUnregisteredQuantity Sold(MT)15Name of the EntityPEECO POLYTECH PRIVATE LIMITEDAddressSONIPATStateHARYANADistrictSonipatGST No. of Seller03AAICM5508J1ZIGST No. of Buyer06AAECP9388H2ZVhsnCode39021000invno25016170Bank Account No001581400000054IFSC CodeYESB0000015Principal Amount(₹)1230000GST Amount(₹)221400Sales date2025-05-12CancelConfirm,Filled,"×
Error
Sales to registered PWP is not allowed !"
2026-05-27T07:23:59.725Z,253,25016207,2025-05-13,9,Unregistered,SHAKTI PLAST CHEM PRIVATE LIMITED,03AAICM5508J1ZI,07ABKCS4860N1ZN,Confirm Entered Details×Please check and confirm the following details. These details cannot be changed later.Registration TypeUnregisteredQuantity Sold(MT)9Name of the EntitySHAKTI PLAST CHEM PRIVATE LIMITEDAddressNEW DELHIStateDELHIDistrictNew DelhiGST No. of Seller03AAICM5508J1ZIGST No. of Buyer07ABKCS4860N1ZNhsnCode39021000invno25016207Bank Account No001581400000054IFSC CodeYESB0000015Principal Amount(₹)712162.5GST Amount(₹)128189.25Sales date2025-05-13CancelConfirm,Filled,"×
Error
Sales to registered PWP is not allowed !"
2026-05-27T07:24:05.576Z,256,25016250,2025-05-15,9,Unregistered,SHAKTI PLAST CHEM PRIVATE LIMITED,03AAICM5508J1ZI,07ABKCS4860N1ZN,Confirm Entered Details×Please check and confirm the following details. These details cannot be changed later.Registration TypeUnregisteredStateDELHIDistrictNew DelhiQuantity Sold(MT)9Name of the EntitySHAKTI PLAST CHEM PRIVATE LIMITEDAddressNEW DELHIGST No. of Seller03AAICM5508J1ZIGST No. of Buyer07ABKCS4860N1ZNhsnCode39021000invno25016250Bank Account No001581400000054IFSC CodeYESB0000015Principal Amount(₹)693667.5GST Amount(₹)124860.15Sales date2025-05-15CancelConfirm,Filled,"×
Error
Sales to registered PWP is not allowed !"
2026-05-27T07:24:11.559Z,257,25016251,2025-05-15,9,Unregistered,SHAKTI PLAST CHEM PRIVATE LIMITED,03AAICM5508J1ZI,07ABKCS4860N1ZN,Confirm Entered Details×Please check and confirm the following details. These details cannot be changed later.Registration TypeUnregisteredStateDELHIDistrictNew DelhiQuantity Sold(MT)9Name of the EntitySHAKTI PLAST CHEM PRIVATE LIMITEDAddressNEW DELHIGST No. of Seller03AAICM5508J1ZIGST No. of Buyer07ABKCS4860N1ZNhsnCode39021000invno25016251Bank Account No001581400000054IFSC CodeYESB0000015Principal Amount(₹)684000GST Amount(₹)123120Sales date2025-05-15CancelConfirm,Filled,"×
Error
Sales to registered PWP is not allowed !"
2026-05-27T07:24:17.489Z,260,25016298,2025-05-16,9,Unregistered,SHAKTI PLAST CHEM PRIVATE LIMITED,03AAICM5508J1ZI,07ABKCS4860N1ZN,Confirm Entered Details×Please check and confirm the following details. These details cannot be changed later.Registration TypeUnregisteredStateDELHIDistrictNew DelhiQuantity Sold(MT)9Name of the EntitySHAKTI PLAST CHEM PRIVATE LIMITEDAddressNEW DELHIGST No. of Seller03AAICM5508J1ZIGST No. of Buyer07ABKCS4860N1ZNhsnCode39021000invno25016298Bank Account No001581400000054IFSC CodeYESB0000015Principal Amount(₹)687594GST Amount(₹)123766.92Sales date2025-05-16CancelConfirm,Filled,"×
Error
Sales to registered PWP is not allowed !"
2026-05-27T07:24:23.406Z,263,25016326,2025-05-17,10,Unregistered,SHAKTI PLAST CHEM PRIVATE LIMITED,03AAICM5508J1ZI,07ABKCS4860N1ZN,Confirm Entered Details×Please check and confirm the following details. These details cannot be changed later.Registration TypeUnregisteredStateDELHIDistrictNew DelhiQuantity Sold(MT)10Name of the EntitySHAKTI PLAST CHEM PRIVATE LIMITEDAddressNEW DELHIGST No. of Seller03AAICM5508J1ZIGST No. of Buyer07ABKCS4860N1ZNhsnCode39021000invno25016326Bank Account No001581400000054IFSC CodeYESB0000015Principal Amount(₹)789980GST Amount(₹)142196.4Sales date2025-05-17CancelConfirm,Filled,"×
Error
Sales to registered PWP is not allowed !"
2026-05-27T07:24:29.597Z,266,25016351,2025-05-18,10,Unregistered,PEECO POLYTECH PRIVATE LIMITED,03AAICM5508J1ZI,06AAECP9388H2ZV,Confirm Entered Details×Please check and confirm the following details. These details cannot be changed later.Registration TypeUnregisteredQuantity Sold(MT)10Name of the EntityPEECO POLYTECH PRIVATE LIMITEDAddressSONIPATStateHARYANADistrictSonipatGST No. of Seller03AAICM5508J1ZIGST No. of Buyer06AAECP9388H2ZVhsnCode39021000invno25016351Bank Account No001581400000054IFSC CodeYESB0000015Principal Amount(₹)800000GST Amount(₹)144000Sales date2025-05-18CancelConfirm,Filled,"×
Error
Sales to registered PWP is not allowed !"
2026-05-27T07:24:35.522Z,267,25016352,2025-05-18,10,Unregistered,PEECO POLYTECH PRIVATE LIMITED,03AAICM5508J1ZI,06AAECP9388H2ZV,Confirm Entered Details×Please check and confirm the following details. These details cannot be changed later.Registration TypeUnregisteredStateHARYANADistrictSonipatQuantity Sold(MT)10Name of the EntityPEECO POLYTECH PRIVATE LIMITEDAddressSONIPATGST No. of Seller03AAICM5508J1ZIGST No. of Buyer06AAECP9388H2ZVhsnCode39021000invno25016352Bank Account No001581400000054IFSC CodeYESB0000015Principal Amount(₹)800000GST Amount(₹)144000Sales date2025-05-18CancelConfirm,Filled,"×
Error
Sales to registered PWP is not allowed !"
2026-05-27T07:24:41.628Z,268,25016438,2025-05-21,10,Unregistered,SHAKTI PLAST CHEM PRIVATE LIMITED,03AAICM5508J1ZI,07ABKCS4860N1ZN,Confirm Entered Details×Please check and confirm the following details. These details cannot be changed later.Registration TypeUnregisteredQuantity Sold(MT)10Name of the EntitySHAKTI PLAST CHEM PRIVATE LIMITEDAddressNEW DELHIStateDELHIDistrictNew DelhiGST No. of Seller03AAICM5508J1ZIGST No. of Buyer07ABKCS4860N1ZNhsnCode39021000invno25016438Bank Account No001581400000054IFSC CodeYESB0000015Principal Amount(₹)785120GST Amount(₹)141321.6Sales date2025-05-21CancelConfirm,Filled,"×
Error
Sales to registered PWP is not allowed !"
2026-05-27T07:24:47.587Z,271,25016470,2025-05-22,9,Unregistered,SHAKTI PLAST CHEM PRIVATE LIMITED,03AAICM5508J1ZI,07ABKCS4860N1ZN,Confirm Entered Details×Please check and confirm the following details. These details cannot be changed later.Registration TypeUnregisteredStateDELHIDistrictNew DelhiQuantity Sold(MT)9Name of the EntitySHAKTI PLAST CHEM PRIVATE LIMITEDAddressNEW DELHIGST No. of Seller03AAICM5508J1ZIGST No. of Buyer07ABKCS4860N1ZNhsnCode39021000invno25016470Bank Account No001581400000054IFSC CodeYESB0000015Principal Amount(₹)730260GST Amount(₹)131446.8Sales date2025-05-22CancelConfirm,Filled,"×
Error
Sales to registered PWP is not allowed !"
2026-05-27T07:24:53.504Z,274,25016488,2025-05-22,9,Unregistered,SHAKTI PLAST CHEM PRIVATE LIMITED,03AAICM5508J1ZI,07ABKCS4860N1ZN,Confirm Entered Details×Please check and confirm the following details. These details cannot be changed later.Registration TypeUnregisteredStateDELHIDistrictNew DelhiQuantity Sold(MT)9Name of the EntitySHAKTI PLAST CHEM PRIVATE LIMITEDAddressNEW DELHIGST No. of Seller03AAICM5508J1ZIGST No. of Buyer07ABKCS4860N1ZNhsnCode39021000invno25016488Bank Account No001581400000054IFSC CodeYESB0000015Principal Amount(₹)730260GST Amount(₹)131446.8Sales date2025-05-22CancelConfirm,Filled,"×
Error
Sales to registered PWP is not allowed !"
2026-05-27T07:24:59.427Z,277,25016508,2025-05-23,10,Unregistered,SHAKTI POLYMERS,03AAICM5508J1ZI,07AAGPJ3138C1Z5,Confirm Entered Details×Please check and confirm the following details. These details cannot be changed later.Registration TypeUnregisteredStateDELHIDistrictNew DelhiQuantity Sold(MT)10Name of the EntitySHAKTI POLYMERSAddressNEW DELHIGST No. of Seller03AAICM5508J1ZIGST No. of Buyer07AAGPJ3138C1Z5hsnCode39021000invno25016508Bank Account No001581400000054IFSC CodeYESB0000015Principal Amount(₹)820000GST Amount(₹)147600Sales date2025-05-23CancelConfirm,Filled,"×
Error
Sales to registered PWP is not allowed !"
2026-05-27T07:25:05.589Z,278,25016509,2025-05-23,15,Unregistered,ANAND TWINES MANUFACTURING PRIVATE LIMITED,03AAICM5508J1ZI,09AAMCA0123H1ZY,Confirm Entered Details×Please check and confirm the following details. These details cannot be changed later.Registration TypeUnregisteredQuantity Sold(MT)15Name of the EntityANAND TWINES MANUFACTURING PRIVATE LIMITEDAddressNOIDAStateUTTAR PRADESHDistrictGautam Buddha NagarGST No. of Seller03AAICM5508J1ZIGST No. of Buyer09AAMCA0123H1ZYhsnCode39021000invno25016509Bank Account No001581400000054IFSC CodeYESB0000015Principal Amount(₹)1293750GST Amount(₹)232875Sales date2025-05-23CancelConfirm,Filled,"×
Error
Sales to registered PWP is not allowed !"
2026-05-27T07:25:11.744Z,279,25016514,2025-05-23,9,Unregistered,SHAKTI PLAST CHEM PRIVATE LIMITED,03AAICM5508J1ZI,07ABKCS4860N1ZN,Confirm Entered Details×Please check and confirm the following details. These details cannot be changed later.Registration TypeUnregisteredQuantity Sold(MT)9Name of the EntitySHAKTI PLAST CHEM PRIVATE LIMITEDAddressNEW DELHIStateDELHIDistrictNew DelhiGST No. of Seller03AAICM5508J1ZIGST No. of Buyer07ABKCS4860N1ZNhsnCode39021000invno25016514Bank Account No001581400000054IFSC CodeYESB0000015Principal Amount(₹)693160GST Amount(₹)124768.8Sales date2025-05-23CancelConfirm,Filled,"×
Error
Sales to registered PWP is not allowed !"
2026-05-27T07:25:17.668Z,282,25016535,2025-05-24,10,Unregistered,SHAKTI PLAST CHEM PRIVATE LIMITED,03AAICM5508J1ZI,07ABKCS4860N1ZN,Confirm Entered Details×Please check and confirm the following details. These details cannot be changed later.Registration TypeUnregisteredStateDELHIDistrictNew DelhiQuantity Sold(MT)10Name of the EntitySHAKTI PLAST CHEM PRIVATE LIMITEDAddressNEW DELHIGST No. of Seller03AAICM5508J1ZIGST No. of Buyer07ABKCS4860N1ZNhsnCode39021000invno25016535Bank Account No001581400000054IFSC CodeYESB0000015Principal Amount(₹)811400GST Amount(₹)146052Sales date2025-05-24CancelConfirm,Filled,"×
Error
Sales to registered PWP is not allowed !"
2026-05-27T07:25:23.725Z,285,25016595,2025-05-27,15,Unregistered,SHAKTI PLAST CHEM PRIVATE LIMITED,03AAICM5508J1ZI,07ABKCS4860N1ZN,Confirm Entered Details×Please check and confirm the following details. These details cannot be changed later.Registration TypeUnregisteredStateDELHIDistrictNew DelhiQuantity Sold(MT)15Name of the EntitySHAKTI PLAST CHEM PRIVATE LIMITEDAddressNEW DELHIGST No. of Seller03AAICM5508J1ZIGST No. of Buyer07ABKCS4860N1ZNhsnCode39021000invno25016595Bank Account No001581400000054IFSC CodeYESB0000015Principal Amount(₹)1217100GST Amount(₹)219078Sales date2025-05-27CancelConfirm,Filled,"×
Error
Sales to registered PWP is not allowed !"
2026-05-27T07:25:29.701Z,288,25016622,2025-05-28,10,Unregistered,SHAKTI PLAST CHEM PRIVATE LIMITED,03AAICM5508J1ZI,07ABKCS4860N1ZN,Confirm Entered Details×Please check and confirm the following details. These details cannot be changed later.Registration TypeUnregisteredStateDELHIDistrictNew DelhiQuantity Sold(MT)10Name of the EntitySHAKTI PLAST CHEM PRIVATE LIMITEDAddressNEW DELHIGST No. of Seller03AAICM5508J1ZIGST No. of Buyer07ABKCS4860N1ZNhsnCode39021000invno25016622Bank Account No001581400000054IFSC CodeYESB0000015Principal Amount(₹)775700GST Amount(₹)139626Sales date2025-05-28CancelConfirm,Filled,"×
Error
Sales to registered PWP is not allowed !"
2026-05-27T07:25:35.596Z,291,25016633,2025-05-28,10,Unregistered,SHAKTI PLAST CHEM PRIVATE LIMITED,03AAICM5508J1ZI,07ABKCS4860N1ZN,Confirm Entered Details×Please check and confirm the following details. These details cannot be changed later.Registration TypeUnregisteredStateDELHIDistrictNew DelhiQuantity Sold(MT)10Name of the EntitySHAKTI PLAST CHEM PRIVATE LIMITEDAddressNEW DELHIGST No. of Seller03AAICM5508J1ZIGST No. of Buyer07ABKCS4860N1ZNhsnCode39021000invno25016633Bank Account No001581400000054IFSC CodeYESB0000015Principal Amount(₹)776620GST Amount(₹)139791.6Sales date2025-05-28CancelConfirm,Filled,"×
Error
Sales to registered PWP is not allowed !"
2026-05-27T07:25:41.826Z,293,25016635,2025-05-28,15,Unregistered,ANAND TWINES MANUFACTURING PRIVATE LIMITED,03AAICM5508J1ZI,09AAMCA0123H1ZY,Confirm Entered Details×Please check and confirm the following details. These details cannot be changed later.Registration TypeUnregisteredQuantity Sold(MT)15Name of the EntityANAND TWINES MANUFACTURING PRIVATE LIMITEDAddressNOIDAStateUTTAR PRADESHDistrictGautam Buddha NagarGST No. of Seller03AAICM5508J1ZIGST No. of Buyer09AAMCA0123H1ZYhsnCode39021000invno25016635Bank Account No001581400000054IFSC CodeYESB0000015Principal Amount(₹)1293750GST Amount(₹)232875Sales date2025-05-28CancelConfirm,Filled,"×
Error
Sales to registered PWP is not allowed !"
2026-05-27T07:25:47.970Z,294,25016636,2025-05-28,10.5,Unregistered,PEECO POLYTECH PRIVATE LIMITED,03AAICM5508J1ZI,06AAECP9388H2ZV,Confirm Entered Details×Please check and confirm the following details. These details cannot be changed later.Registration TypeUnregisteredQuantity Sold(MT)10.5Name of the EntityPEECO POLYTECH PRIVATE LIMITEDAddressSONIPATStateHARYANADistrictSonipatGST No. of Seller03AAICM5508J1ZIGST No. of Buyer06AAECP9388H2ZVhsnCode39021000invno25016636Bank Account No001581400000054IFSC CodeYESB0000015Principal Amount(₹)834000GST Amount(₹)150120Sales date2025-05-28CancelConfirm,Filled,"×
Error
Sales to registered PWP is not allowed !"
2026-05-27T07:25:54.063Z,296,25016724,2025-05-30,10,Unregistered,SHAKTI PLAST CHEM PRIVATE LIMITED,03AAICM5508J1ZI,07ABKCS4860N1ZN,Confirm Entered Details×Please check and confirm the following details. These details cannot be changed later.Registration TypeUnregisteredQuantity Sold(MT)10Name of the EntitySHAKTI PLAST CHEM PRIVATE LIMITEDAddressNEW DELHIStateDELHIDistrictNew DelhiGST No. of Seller03AAICM5508J1ZIGST No. of Buyer07ABKCS4860N1ZNhsnCode39021000invno25016724Bank Account No001581400000054IFSC CodeYESB0000015Principal Amount(₹)798260GST Amount(₹)143686.8Sales date2025-05-30CancelConfirm,Filled,"×
Error
Sales to registered PWP is not allowed !"
2026-05-27T07:25:59.969Z,300,25016775,2025-05-31,10,Unregistered,SHAKTI PLAST CHEM PRIVATE LIMITED,03AAICM5508J1ZI,07ABKCS4860N1ZN,Confirm Entered Details×Please check and confirm the following details. These details cannot be changed later.Registration TypeUnregisteredStateDELHIDistrictNew DelhiQuantity Sold(MT)10Name of the EntitySHAKTI PLAST CHEM PRIVATE LIMITEDAddressNEW DELHIGST No. of Seller03AAICM5508J1ZIGST No. of Buyer07ABKCS4860N1ZNhsnCode39021000invno25016775Bank Account No001581400000054IFSC CodeYESB0000015Principal Amount(₹)794975GST Amount(₹)143095.5Sales date2025-05-31CancelConfirm,Filled,"×
Error
Sales to registered PWP is not allowed !"
2026-05-27T07:26:05.022Z,321,DN/2025-26-001,2025-05-25,-15,Unregistered,ANAND TWINES MANUFACTURING PRIVATE LIMITED,03AAICM5508J1ZI,09AAMCA0123H1ZY,,Failed,Submit disabled: some required fields still missing.
2026-05-27T07:26:10.184Z,322,25016860,2025-06-03,10,Unregistered,SHAKTI PLAST CHEM PRIVATE LIMITED,03AAICM5508J1ZI,07ABKCS4860N1ZN,Confirm Entered Details×Please check and confirm the following details. These details cannot be changed later.Registration TypeUnregisteredQuantity Sold(MT)10Name of the EntitySHAKTI PLAST CHEM PRIVATE LIMITEDAddressNEW DELHIStateDELHIDistrictNew DelhiGST No. of Seller03AAICM5508J1ZIGST No. of Buyer07ABKCS4860N1ZNhsnCode39021000invno25016860Bank Account No001581400000054IFSC CodeYESB0000015Principal Amount(₹)778550GST Amount(₹)140139Sales date2025-06-03CancelConfirm,Filled,"×
Error
Sales to registered PWP is not allowed !"
2026-05-27T07:26:16.050Z,330,25016937,2025-06-06,9,Unregistered,SHAKTI PLAST CHEM PRIVATE LIMITED,03AAICM5508J1ZI,07ABKCS4860N1ZN,Confirm Entered Details×Please check and confirm the following details. These details cannot be changed later.Registration TypeUnregisteredStateDELHIDistrictNew DelhiQuantity Sold(MT)9Name of the EntitySHAKTI PLAST CHEM PRIVATE LIMITEDAddressNEW DELHIGST No. of Seller03AAICM5508J1ZIGST No. of Buyer07ABKCS4860N1ZNhsnCode39021000invno25016937Bank Account No001581400000054IFSC CodeYESB0000015Principal Amount(₹)730260GST Amount(₹)131446.8Sales date2025-06-06CancelConfirm,Filled,"×
Error
Sales to registered PWP is not allowed !"
2026-05-27T07:26:22.196Z,331,25016938,2025-06-06,9.45,Unregistered,DALMIA TEA MARKETING P LTD,03AAICM5508J1ZI,09AABCD4494R1ZV,Confirm Entered Details×Please check and confirm the following details. These details cannot be changed later.Registration TypeUnregisteredQuantity Sold(MT)9.45Name of the EntityDALMIA TEA MARKETING P LTDAddressGHAZIABADStateUTTAR PRADESHDistrictGhaziabadGST No. of Seller03AAICM5508J1ZIGST No. of Buyer09AABCD4494R1ZVhsnCode39021000invno25016938Bank Account No001581400000054IFSC CodeYESB0000015Principal Amount(₹)434700GST Amount(₹)78246Sales date2025-06-06CancelConfirm,Filled,"×
Error
Sales to registered PWP is not allowed !"
2026-05-27T07:26:28.132Z,336,25016965,2025-06-07,15,Unregistered,ANAND TWINES MANUFACTURING PRIVATE LIMITED,03AAICM5508J1ZI,09AAMCA0123H1ZY,Confirm Entered Details×Please check and confirm the following details. These details cannot be changed later.Registration TypeUnregisteredStateUTTAR PRADESHQuantity Sold(MT)15Name of the EntityANAND TWINES MANUFACTURING PRIVATE LIMITEDAddressNOIDADistrictGautam Buddha NagarGST No. of Seller03AAICM5508J1ZIGST No. of Buyer09AAMCA0123H1ZYhsnCode39021000invno25016965Bank Account No001581400000054IFSC CodeYESB0000015Principal Amount(₹)1293750GST Amount(₹)232875Sales date2025-06-07CancelConfirm,Filled,"×
Error
Sales to registered PWP is not allowed !"
2026-05-27T07:26:34.265Z,337,25016967,2025-06-07,10,Unregistered,SHAKTI PLAST CHEM PRIVATE LIMITED,03AAICM5508J1ZI,07ABKCS4860N1ZN,Confirm Entered Details×Please check and confirm the following details. These details cannot be changed later.Registration TypeUnregisteredQuantity Sold(MT)10Name of the EntitySHAKTI PLAST CHEM PRIVATE LIMITEDAddressNEW DELHIStateDELHIDistrictNew DelhiGST No. of Seller03AAICM5508J1ZIGST No. of Buyer07ABKCS4860N1ZNhsnCode39021000invno25016967Bank Account No001581400000054IFSC CodeYESB0000015Principal Amount(₹)760700GST Amount(₹)136926Sales date2025-06-07CancelConfirm,Filled,"×
Error
Sales to registered PWP is not allowed !"
2026-05-27T07:26:40.406Z,340,25017011,2025-06-09,15,Unregistered,ANAND TWINES MANUFACTURING PRIVATE LIMITED,03AAICM5508J1ZI,09AAMCA0123H1ZY,Confirm Entered Details×Please check and confirm the following details. These details cannot be changed later.Registration TypeUnregisteredQuantity Sold(MT)15Name of the EntityANAND TWINES MANUFACTURING PRIVATE LIMITEDAddressNOIDAStateUTTAR PRADESHDistrictGautam Buddha NagarGST No. of Seller03AAICM5508J1ZIGST No. of Buyer09AAMCA0123H1ZYhsnCode39021000invno25017011Bank Account No001581400000054IFSC CodeYESB0000015Principal Amount(₹)1293750GST Amount(₹)232875Sales date2025-06-09CancelConfirm,Filled,"×
Error
Sales to registered PWP is not allowed !"
2026-05-27T07:26:46.555Z,341,25017027,2025-06-10,9,Unregistered,SHAKTI PLAST CHEM PRIVATE LIMITED,03AAICM5508J1ZI,07ABKCS4860N1ZN,Confirm Entered Details×Please check and confirm the following details. These details cannot be changed later.Registration TypeUnregisteredQuantity Sold(MT)9Name of the EntitySHAKTI PLAST CHEM PRIVATE LIMITEDAddressNEW DELHIStateDELHIDistrictNew DelhiGST No. of Seller03AAICM5508J1ZIGST No. of Buyer07ABKCS4860N1ZNhsnCode39021000invno25017027Bank Account No001581400000054IFSC CodeYESB0000015Principal Amount(₹)730260GST Amount(₹)131446.8Sales date2025-06-10CancelConfirm,Filled,"×
Error
Sales to registered PWP is not allowed !"
2026-05-27T07:26:52.436Z,346,25017063,2025-06-11,10,Unregistered,SHAKTI PLAST CHEM PRIVATE LIMITED,03AAICM5508J1ZI,07ABKCS4860N1ZN,Confirm Entered Details×Please check and confirm the following details. These details cannot be changed later.Registration TypeUnregisteredStateDELHIDistrictNew DelhiQuantity Sold(MT)10Name of the EntitySHAKTI PLAST CHEM PRIVATE LIMITEDAddressNEW DELHIGST No. of Seller03AAICM5508J1ZIGST No. of Buyer07ABKCS4860N1ZNhsnCode39021000invno25017063Bank Account No001581400000054IFSC CodeYESB0000015Principal Amount(₹)798260GST Amount(₹)143686.8Sales date2025-06-11CancelConfirm,Filled,"×
Error
Sales to registered PWP is not allowed !"
2026-05-27T07:26:58.531Z,347,25017064,2025-06-11,13.075,Unregistered,PEECO POLYTECH PRIVATE LIMITED,03AAICM5508J1ZI,06AAECP9388H2ZV,Confirm Entered Details×Please check and confirm the following details. These details cannot be changed later.Registration TypeUnregisteredQuantity Sold(MT)13.07Name of the EntityPEECO POLYTECH PRIVATE LIMITEDAddressSONIPATStateHARYANADistrictSonipatGST No. of Seller03AAICM5508J1ZIGST No. of Buyer06AAECP9388H2ZVhsnCode39021000invno25017064Bank Account No001581400000054IFSC CodeYESB0000015Principal Amount(₹)1046000GST Amount(₹)188280Sales date2025-06-11CancelConfirm,Filled,"×
Error
Sales to registered PWP is not allowed !"
2026-05-27T07:27:04.594Z,349,25017100,2025-06-12,9,Unregistered,SHAKTI PLAST CHEM PRIVATE LIMITED,03AAICM5508J1ZI,07ABKCS4860N1ZN,Confirm Entered Details×Please check and confirm the following details. These details cannot be changed later.Registration TypeUnregisteredQuantity Sold(MT)9Name of the EntitySHAKTI PLAST CHEM PRIVATE LIMITEDAddressNEW DELHIStateDELHIDistrictNew DelhiGST No. of Seller03AAICM5508J1ZIGST No. of Buyer07ABKCS4860N1ZNhsnCode39021000invno25017100Bank Account No001581400000054IFSC CodeYESB0000015Principal Amount(₹)703980GST Amount(₹)126716.4Sales date2025-06-12CancelConfirm,Filled,"×
Error
Sales to registered PWP is not allowed !"
2026-05-27T07:27:10.704Z,351,25017105,2025-06-12,10,Unregistered,PEECO POLYTECH PRIVATE LIMITED,03AAICM5508J1ZI,06AAECP9388H2ZV,Confirm Entered Details×Please check and confirm the following details. These details cannot be changed later.Registration TypeUnregisteredQuantity Sold(MT)10Name of the EntityPEECO POLYTECH PRIVATE LIMITEDAddressSONIPATStateHARYANADistrictSonipatGST No. of Seller03AAICM5508J1ZIGST No. of Buyer06AAECP9388H2ZVhsnCode39021000invno25017105Bank Account No001581400000054IFSC CodeYESB0000015Principal Amount(₹)790000GST Amount(₹)142200Sales date2025-06-12CancelConfirm,Filled,"×
Error
Sales to registered PWP is not allowed !"
2026-05-27T07:27:17.077Z,352,25017119,2025-06-12,9,Unregistered,SHAKTI PLAST CHEM PRIVATE LIMITED,03AAICM5508J1ZI,07ABKCS4860N1ZN,Confirm Entered Details×Please check and confirm the following details. These details cannot be changed later.Registration TypeUnregisteredQuantity Sold(MT)9Name of the EntitySHAKTI PLAST CHEM PRIVATE LIMITEDAddressNEW DELHIStateDELHIDistrictNew DelhiGST No. of Seller03AAICM5508J1ZIGST No. of Buyer07ABKCS4860N1ZNhsnCode39021000invno25017119Bank Account No001581400000054IFSC CodeYESB0000015Principal Amount(₹)704556GST Amount(₹)126820.08Sales date2025-06-12CancelConfirm,Filled,"×
Error
Sales to registered PWP is not allowed !"
2026-05-27T07:27:23.046Z,357,25017151,2025-06-13,9,Unregistered,SHAKTI PLAST CHEM PRIVATE LIMITED,03AAICM5508J1ZI,07ABKCS4860N1ZN,Confirm Entered Details×Please check and confirm the following details. These details cannot be changed later.Registration TypeUnregisteredStateDELHIDistrictNew DelhiQuantity Sold(MT)9Name of the EntitySHAKTI PLAST CHEM PRIVATE LIMITEDAddressNEW DELHIGST No. of Seller03AAICM5508J1ZIGST No. of Buyer07ABKCS4860N1ZNhsnCode39021000invno25017151Bank Account No001581400000054IFSC CodeYESB0000015Principal Amount(₹)721760GST Amount(₹)129916.8Sales date2025-06-13CancelConfirm,Filled,"×
Error
Sales to registered PWP is not allowed !"
2026-05-27T07:27:29.150Z,364,25017272,2025-06-18,9,Unregistered,SHAKTI PLAST CHEM PRIVATE LIMITED,03AAICM5508J1ZI,07ABKCS4860N1ZN,Confirm Entered Details×Please check and confirm the following details. These details cannot be changed later.Registration TypeUnregisteredStateDELHIDistrictNew DelhiQuantity Sold(MT)9Name of the EntitySHAKTI PLAST CHEM PRIVATE LIMITEDAddressNEW DELHIGST No. of Seller03AAICM5508J1ZIGST No. of Buyer07ABKCS4860N1ZNhsnCode39021000invno25017272Bank Account No001581400000054IFSC CodeYESB0000015Principal Amount(₹)708542.5GST Amount(₹)127537.65Sales date2025-06-18CancelConfirm,Filled,"×
Error
Sales to registered PWP is not allowed !"
2026-05-27T07:27:35.095Z,366,25017291,2025-06-19,15,Unregistered,SHAKTI POLYMERS,03AAICM5508J1ZI,07AAGPJ3138C1Z5,Confirm Entered Details×Please check and confirm the following details. These details cannot be changed later.Registration TypeUnregisteredStateDELHIDistrictNew DelhiQuantity Sold(MT)15Name of the EntitySHAKTI POLYMERSAddressNEW DELHIGST No. of Seller03AAICM5508J1ZIGST No. of Buyer07AAGPJ3138C1Z5hsnCode39021000invno25017291Bank Account No001581400000054IFSC CodeYESB0000015Principal Amount(₹)1230000GST Amount(₹)221400Sales date2025-06-19CancelConfirm,Filled,"×
Error
Sales to registered PWP is not allowed !"
2026-05-27T07:27:41.327Z,367,25017292,2025-06-19,15,Unregistered,ANAND TWINES MANUFACTURING PRIVATE LIMITED,03AAICM5508J1ZI,09AAMCA0123H1ZY,Confirm Entered Details×Please check and confirm the following details. These details cannot be changed later.Registration TypeUnregisteredQuantity Sold(MT)15Name of the EntityANAND TWINES MANUFACTURING PRIVATE LIMITEDAddressNOIDAStateUTTAR PRADESHDistrictGautam Buddha NagarGST No. of Seller03AAICM5508J1ZIGST No. of Buyer09AAMCA0123H1ZYhsnCode39021000invno25017292Bank Account No001581400000054IFSC CodeYESB0000015Principal Amount(₹)1215000GST Amount(₹)218700Sales date2025-06-19CancelConfirm,Filled,"×
Error
Sales to registered PWP is not allowed !"
2026-05-27T07:27:47.243Z,368,25017337,2025-06-21,15,Unregistered,ANAND TWINES MANUFACTURING PRIVATE LIMITED,03AAICM5508J1ZI,09AAMCA0123H1ZY,Confirm Entered Details×Please check and confirm the following details. These details cannot be changed later.Registration TypeUnregisteredStateUTTAR PRADESHDistrictGautam Buddha NagarQuantity Sold(MT)15Name of the EntityANAND TWINES MANUFACTURING PRIVATE LIMITEDAddressNOIDAGST No. of Seller03AAICM5508J1ZIGST No. of Buyer09AAMCA0123H1ZYhsnCode39021000invno25017337Bank Account No001581400000054IFSC CodeYESB0000015Principal Amount(₹)1316250GST Amount(₹)236925Sales date2025-06-21CancelConfirm,Filled,"×
Error
Sales to registered PWP is not allowed !"
2026-05-27T07:27:53.406Z,371,25017374,2025-06-22,10,Unregistered,SHAKTI PLAST CHEM PRIVATE LIMITED,03AAICM5508J1ZI,07ABKCS4860N1ZN,Confirm Entered Details×Please check and confirm the following details. These details cannot be changed later.Registration TypeUnregisteredQuantity Sold(MT)10Name of the EntitySHAKTI PLAST CHEM PRIVATE LIMITEDAddressNEW DELHIStateDELHIDistrictNew DelhiGST No. of Seller03AAICM5508J1ZIGST No. of Buyer07ABKCS4860N1ZNhsnCode39021000invno25017374Bank Account No001581400000054IFSC CodeYESB0000015Principal Amount(₹)772700GST Amount(₹)139086Sales date2025-06-22CancelConfirm,Filled,"×
Error
Sales to registered PWP is not allowed !"
2026-05-27T07:27:59.331Z,376,25017415,2025-06-23,10,Unregistered,SHAKTI PLAST CHEM PRIVATE LIMITED,03AAICM5508J1ZI,07ABKCS4860N1ZN,Confirm Entered Details×Please check and confirm the following details. These details cannot be changed later.Registration TypeUnregisteredStateDELHIDistrictNew DelhiQuantity Sold(MT)10Name of the EntitySHAKTI PLAST CHEM PRIVATE LIMITEDAddressNEW DELHIGST No. of Seller03AAICM5508J1ZIGST No. of Buyer07ABKCS4860N1ZNhsnCode39021000invno25017415Bank Account No001581400000054IFSC CodeYESB0000015Principal Amount(₹)786980GST Amount(₹)141656.4Sales date2025-06-23CancelConfirm,Filled,"×
Error
Sales to registered PWP is not allowed !"
2026-05-27T07:28:05.500Z,378,25017465,2025-06-24,15,Unregistered,ANAND TWINES MANUFACTURING PRIVATE LIMITED,03AAICM5508J1ZI,09AAMCA0123H1ZY,Confirm Entered Details×Please check and confirm the following details. These details cannot be changed later.Registration TypeUnregisteredQuantity Sold(MT)15Name of the EntityANAND TWINES MANUFACTURING PRIVATE LIMITEDAddressNOIDAStateUTTAR PRADESHDistrictGautam Buddha NagarGST No. of Seller03AAICM5508J1ZIGST No. of Buyer09AAMCA0123H1ZYhsnCode39021000invno25017465Bank Account No001581400000054IFSC CodeYESB0000015Principal Amount(₹)1316250GST Amount(₹)236925Sales date2025-06-24CancelConfirm,Filled,"×
Error
Sales to registered PWP is not allowed !"
2026-05-27T07:28:11.447Z,380,25017480,2025-06-25,15,Unregistered,ANAND TWINES MANUFACTURING PRIVATE LIMITED,03AAICM5508J1ZI,09AAMCA0123H1ZY,Confirm Entered Details×Please check and confirm the following details. These details cannot be changed later.Registration TypeUnregisteredStateUTTAR PRADESHDistrictGautam Buddha NagarQuantity Sold(MT)15Name of the EntityANAND TWINES MANUFACTURING PRIVATE LIMITEDAddressNOIDAGST No. of Seller03AAICM5508J1ZIGST No. of Buyer09AAMCA0123H1ZYhsnCode39021000invno25017480Bank Account No001581400000054IFSC CodeYESB0000015Principal Amount(₹)1316250GST Amount(₹)236925Sales date2025-06-25CancelConfirm,Filled,"×
Error
Sales to registered PWP is not allowed !"
2026-05-27T07:28:17.627Z,381,25017481,2025-06-25,15,Unregistered,PEECO POLYTECH PRIVATE LIMITED,03AAICM5508J1ZI,06AAECP9388H2ZV,Confirm Entered Details×Please check and confirm the following details. These details cannot be changed later.Registration TypeUnregisteredQuantity Sold(MT)15Name of the EntityPEECO POLYTECH PRIVATE LIMITEDAddressSONIPATStateHARYANADistrictSonipatGST No. of Seller03AAICM5508J1ZIGST No. of Buyer06AAECP9388H2ZVhsnCode39021000invno25017481Bank Account No001581400000054IFSC CodeYESB0000015Principal Amount(₹)1222500GST Amount(₹)220050Sales date2025-06-25CancelConfirm,Filled,"×
Error
Sales to registered PWP is not allowed !"
2026-05-27T07:28:23.533Z,382,25017482,2025-06-25,15,Unregistered,PEECO POLYTECH PRIVATE LIMITED,03AAICM5508J1ZI,06AAECP9388H2ZV,Confirm Entered Details×Please check and confirm the following details. These details cannot be changed later.Registration TypeUnregisteredStateHARYANADistrictSonipatQuantity Sold(MT)15Name of the EntityPEECO POLYTECH PRIVATE LIMITEDAddressSONIPATGST No. of Seller03AAICM5508J1ZIGST No. of Buyer06AAECP9388H2ZVhsnCode39021000invno25017482Bank Account No001581400000054IFSC CodeYESB0000015Principal Amount(₹)1222500GST Amount(₹)220050Sales date2025-06-25CancelConfirm,Filled,"×
Error
Sales to registered PWP is not allowed !"
2026-05-27T07:28:29.558Z,383,25017483,2025-06-25,15,Unregistered,ANAND TWINES MANUFACTURING PRIVATE LIMITED,03AAICM5508J1ZI,09AAMCA0123H1ZY,Confirm Entered Details×Please check and confirm the following details. These details cannot be changed later.Registration TypeUnregisteredQuantity Sold(MT)15Name of the EntityANAND TWINES MANUFACTURING PRIVATE LIMITEDAddressNOIDAStateUTTAR PRADESHDistrictGautam Buddha NagarGST No. of Seller03AAICM5508J1ZIGST No. of Buyer09AAMCA0123H1ZYhsnCode39021000invno25017483Bank Account No001581400000054IFSC CodeYESB0000015Principal Amount(₹)1215000GST Amount(₹)218700Sales date2025-06-25CancelConfirm,Filled,"×
Error
Sales to registered PWP is not allowed !"
2026-05-27T07:28:35.798Z,386,25017527,2025-06-26,9,Unregistered,SHAKTI PLAST CHEM PRIVATE LIMITED,03AAICM5508J1ZI,07ABKCS4860N1ZN,Confirm Entered Details×Please check and confirm the following details. These details cannot be changed later.Registration TypeUnregisteredQuantity Sold(MT)9Name of the EntitySHAKTI PLAST CHEM PRIVATE LIMITEDAddressNEW DELHIStateDELHIDistrictNew DelhiGST No. of Seller03AAICM5508J1ZIGST No. of Buyer07ABKCS4860N1ZNhsnCode39021000invno25017527Bank Account No001581400000054IFSC CodeYESB0000015Principal Amount(₹)710910GST Amount(₹)127963.8Sales date2025-06-26CancelConfirm,Filled,"×
Error
Sales to registered PWP is not allowed !"
2026-05-27T07:28:41.751Z,389,25017578,2025-06-27,9,Unregistered,SHAKTI PLAST CHEM PRIVATE LIMITED,03AAICM5508J1ZI,07ABKCS4860N1ZN,Confirm Entered Details×Please check and confirm the following details. These details cannot be changed later.Registration TypeUnregisteredStateDELHIDistrictNew DelhiQuantity Sold(MT)9Name of the EntitySHAKTI PLAST CHEM PRIVATE LIMITEDAddressNEW DELHIGST No. of Seller03AAICM5508J1ZIGST No. of Buyer07ABKCS4860N1ZNhsnCode39021000invno25017578Bank Account No001581400000054IFSC CodeYESB0000015Principal Amount(₹)689270GST Amount(₹)124068.6Sales date2025-06-27CancelConfirm,Filled,"×
Error
Sales to registered PWP is not allowed !"
2026-05-27T07:28:47.917Z,393,25017607,2025-06-28,15,Unregistered,ANAND TWINES MANUFACTURING PRIVATE LIMITED,03AAICM5508J1ZI,09AAMCA0123H1ZY,Confirm Entered Details×Please check and confirm the following details. These details cannot be changed later.Registration TypeUnregisteredQuantity Sold(MT)15Name of the EntityANAND TWINES MANUFACTURING PRIVATE LIMITEDAddressNOIDAStateUTTAR PRADESHDistrictGautam Buddha NagarGST No. of Seller03AAICM5508J1ZIGST No. of Buyer09AAMCA0123H1ZYhsnCode39021000invno25017607Bank Account No001581400000054IFSC CodeYESB0000015Principal Amount(₹)1316250GST Amount(₹)236925Sales date2025-06-28CancelConfirm,Filled,"×
Error
Sales to registered PWP is not allowed !"
2026-05-27T07:28:54.166Z,395,25017617,2025-06-28,9,Unregistered,SHAKTI PLAST CHEM PRIVATE LIMITED,03AAICM5508J1ZI,07ABKCS4860N1ZN,Confirm Entered Details×Please check and confirm the following details. These details cannot be changed later.Registration TypeUnregisteredQuantity Sold(MT)9Name of the EntitySHAKTI PLAST CHEM PRIVATE LIMITEDAddressNEW DELHIStateDELHIDistrictNew DelhiGST No. of Seller03AAICM5508J1ZIGST No. of Buyer07ABKCS4860N1ZNhsnCode39021000invno25017617Bank Account No001581400000054IFSC CodeYESB0000015Principal Amount(₹)726120GST Amount(₹)130701.6Sales date2025-06-28CancelConfirm,Filled,"×
Error
Sales to registered PWP is not allowed !"
2026-05-27T07:29:00.070Z,398,25017689,2025-06-30,10,Unregistered,SHAKTI PLAST CHEM PRIVATE LIMITED,03AAICM5508J1ZI,07ABKCS4860N1ZN,Confirm Entered Details×Please check and confirm the following details. These details cannot be changed later.Registration TypeUnregisteredStateDELHIDistrictNew DelhiQuantity Sold(MT)10Name of the EntitySHAKTI PLAST CHEM PRIVATE LIMITEDAddressNEW DELHIGST No. of Seller03AAICM5508J1ZIGST No. of Buyer07ABKCS4860N1ZNhsnCode39021000invno25017689Bank Account No001581400000054IFSC CodeYESB0000015Principal Amount(₹)826400GST Amount(₹)148752Sales date2025-06-30CancelConfirm,Filled,"×
Error
Sales to registered PWP is not allowed !"
2026-05-27T07:29:06.219Z,402,25017739,2025-07-01,15,Unregistered,ANAND TWINES MANUFACTURING PRIVATE LIMITED,03AAICM5508J1ZI,09AAMCA0123H1ZY,Confirm Entered Details×Please check and confirm the following details. These details cannot be changed later.Registration TypeUnregisteredQuantity Sold(MT)15Name of the EntityANAND TWINES MANUFACTURING PRIVATE LIMITEDAddressNOIDAStateUTTAR PRADESHDistrictGautam Buddha NagarGST No. of Seller03AAICM5508J1ZIGST No. of Buyer09AAMCA0123H1ZYhsnCode39021000invno25017739Bank Account No001581400000054IFSC CodeYESB0000015Principal Amount(₹)1316250GST Amount(₹)236925Sales date2025-07-01CancelConfirm,Filled,"×
Error
Sales to registered PWP is not allowed !"
2026-05-27T07:29:12.389Z,403,25017747,2025-07-02,10,Unregistered,SHAKTI PLAST CHEM PRIVATE LIMITED,03AAICM5508J1ZI,07ABKCS4860N1ZN,Confirm Entered Details×Please check and confirm the following details. These details cannot be changed later.Registration TypeUnregisteredQuantity Sold(MT)10Name of the EntitySHAKTI PLAST CHEM PRIVATE LIMITEDAddressNEW DELHIStateDELHIDistrictNew DelhiGST No. of Seller03AAICM5508J1ZIGST No. of Buyer07ABKCS4860N1ZNhsnCode39021000invno25017747Bank Account No001581400000054IFSC CodeYESB0000015Principal Amount(₹)793740GST Amount(₹)142873.2Sales date2025-07-02CancelConfirm,Filled,"×
Error
Sales to registered PWP is not allowed !"
2026-05-27T07:29:18.547Z,407,25017779,2025-07-03,10,Unregistered,PEECO POLYTECH PRIVATE LIMITED,03AAICM5508J1ZI,06AAECP9388H2ZV,Confirm Entered Details×Please check and confirm the following details. These details cannot be changed later.Registration TypeUnregisteredQuantity Sold(MT)10Name of the EntityPEECO POLYTECH PRIVATE LIMITEDAddressSONIPATStateHARYANADistrictSonipatGST No. of Seller03AAICM5508J1ZIGST No. of Buyer06AAECP9388H2ZVhsnCode39021000invno25017779Bank Account No001581400000054IFSC CodeYESB0000015Principal Amount(₹)825000GST Amount(₹)148500Sales date2025-07-03CancelConfirm,Filled,"×
Error
Sales to registered PWP is not allowed !"
2026-05-27T07:29:24.754Z,410,25017795,2025-07-04,9,Unregistered,SHAKTI PLAST CHEM PRIVATE LIMITED,03AAICM5508J1ZI,07ABKCS4860N1ZN,Confirm Entered Details×Please check and confirm the following details. These details cannot be changed later.Registration TypeUnregisteredQuantity Sold(MT)9Name of the EntitySHAKTI PLAST CHEM PRIVATE LIMITEDAddressNEW DELHIStateDELHIDistrictNew DelhiGST No. of Seller03AAICM5508J1ZIGST No. of Buyer07ABKCS4860N1ZNhsnCode39021000invno25017795Bank Account No001581400000054IFSC CodeYESB0000015Principal Amount(₹)712335GST Amount(₹)128220.3Sales date2025-07-04CancelConfirm,Filled,"×
Error
Sales to registered PWP is not allowed !"
2026-05-27T07:29:31.693Z,411,25017798,2025-07-04,15,Unregistered,ANAND TWINES MANUFACTURING PRIVATE LIMITED,03AAICM5508J1ZI,09AAMCA0123H1ZY,Confirm Entered Details×Please check and confirm the following details. These details cannot be changed later.Registration TypeUnregisteredQuantity Sold(MT)15Name of the EntityANAND TWINES MANUFACTURING PRIVATE LIMITEDAddressNOIDAStateUTTAR PRADESHDistrictGautam Buddha NagarGST No. of Seller03AAICM5508J1ZIGST No. of Buyer09AAMCA0123H1ZYhsnCode39021000invno25017798Bank Account No001581400000054IFSC CodeYESB0000015Principal Amount(₹)1331250GST Amount(₹)239625Sales date2025-07-04CancelConfirm,Filled,"×
Error
Sales to registered PWP is not allowed !"
2026-05-27T07:29:37.757Z,413,25017828,2025-07-05,9,Unregistered,SHAKTI PLAST CHEM PRIVATE LIMITED,03AAICM5508J1ZI,07ABKCS4860N1ZN,Confirm Entered Details×Please check and confirm the following details. These details cannot be changed later.Registration TypeUnregisteredQuantity Sold(MT)9Name of the EntitySHAKTI PLAST CHEM PRIVATE LIMITEDAddressNEW DELHIStateDELHIDistrictNew DelhiGST No. of Seller03AAICM5508J1ZIGST No. of Buyer07ABKCS4860N1ZNhsnCode39021000invno25017828Bank Account No001581400000054IFSC CodeYESB0000015Principal Amount(₹)752760GST Amount(₹)135496.8Sales date2025-07-05CancelConfirm,Filled,"×
Error
Sales to registered PWP is not allowed !"
2026-05-27T07:29:43.692Z,417,25017896,2025-07-07,9,Unregistered,PEECO POLYTECH PRIVATE LIMITED,03AAICM5508J1ZI,06AAECP9388H2ZV,Confirm Entered Details×Please check and confirm the following details. These details cannot be changed later.Registration TypeUnregisteredQuantity Sold(MT)9Name of the EntityPEECO POLYTECH PRIVATE LIMITEDAddressSONIPATStateHARYANADistrictSonipatGST No. of Seller03AAICM5508J1ZIGST No. of Buyer06AAECP9388H2ZVhsnCode39021000invno25017896Bank Account No001581400000054IFSC CodeYESB0000015Principal Amount(₹)742500GST Amount(₹)133650Sales date2025-07-07CancelConfirm,Filled,"×
Error
Sales to registered PWP is not allowed !"
2026-05-27T07:29:49.767Z,419,25017923,2025-07-08,9,Unregistered,SHAKTI PLAST CHEM PRIVATE LIMITED,03AAICM5508J1ZI,07ABKCS4860N1ZN,Confirm Entered Details×Please check and confirm the following details. These details cannot be changed later.Registration TypeUnregisteredQuantity Sold(MT)9Name of the EntitySHAKTI PLAST CHEM PRIVATE LIMITEDAddressNEW DELHIStateDELHIDistrictNew DelhiGST No. of Seller03AAICM5508J1ZIGST No. of Buyer07ABKCS4860N1ZNhsnCode39021000invno25017923Bank Account No001581400000054IFSC CodeYESB0000015Principal Amount(₹)725806.5GST Amount(₹)130645.17Sales date2025-07-08CancelConfirm,Filled,"×
Error
Sales to registered PWP is not allowed !"
2026-05-27T07:29:55.627Z,424,25018015,2025-07-11,9,Unregistered,SHAKTI PLAST CHEM PRIVATE LIMITED,03AAICM5508J1ZI,07ABKCS4860N1ZN,Confirm Entered Details×Please check and confirm the following details. These details cannot be changed later.Registration TypeUnregisteredStateDELHIDistrictNew DelhiQuantity Sold(MT)9Name of the EntitySHAKTI PLAST CHEM PRIVATE LIMITEDAddressNEW DELHIGST No. of Seller03AAICM5508J1ZIGST No. of Buyer07ABKCS4860N1ZNhsnCode39021000invno25018015Bank Account No001581400000054IFSC CodeYESB0000015Principal Amount(₹)695184GST Amount(₹)125133.12Sales date2025-07-11CancelConfirm,Filled,"×
Error
Sales to registered PWP is not allowed !"
2026-05-27T07:30:01.792Z,427,25018064,2025-07-12,10,Unregistered,PEECO POLYTECH PRIVATE LIMITED,03AAICM5508J1ZI,06AAECP9388H2ZV,Confirm Entered Details×Please check and confirm the following details. These details cannot be changed later.Registration TypeUnregisteredQuantity Sold(MT)10Name of the EntityPEECO POLYTECH PRIVATE LIMITEDAddressSONIPATStateHARYANADistrictSonipatGST No. of Seller03AAICM5508J1ZIGST No. of Buyer06AAECP9388H2ZVhsnCode39021000invno25018064Bank Account No001581400000054IFSC CodeYESB0000015Principal Amount(₹)865000GST Amount(₹)155700Sales date2025-07-12CancelConfirm,Filled,"×
Error
Sales to registered PWP is not allowed !"
2026-05-27T07:30:07.805Z,428,25018065,2025-07-12,9,Unregistered,SHAKTI PLAST CHEM PRIVATE LIMITED,03AAICM5508J1ZI,07ABKCS4860N1ZN,Confirm Entered Details×Please check and confirm the following details. These details cannot be changed later.Registration TypeUnregisteredQuantity Sold(MT)9Name of the EntitySHAKTI PLAST CHEM PRIVATE LIMITEDAddressNEW DELHIStateDELHIDistrictNew DelhiGST No. of Seller03AAICM5508J1ZIGST No. of Buyer07ABKCS4860N1ZNhsnCode39021000invno25018065Bank Account No001581400000054IFSC CodeYESB0000015Principal Amount(₹)698202GST Amount(₹)125676.36Sales date2025-07-12CancelConfirm,Filled,"×
Error
Sales to registered PWP is not allowed !"
2026-05-27T07:30:13.715Z,431,25018155,2025-07-15,9,Unregistered,SHAKTI PLAST CHEM PRIVATE LIMITED,03AAICM5508J1ZI,07ABKCS4860N1ZN,Confirm Entered Details×Please check and confirm the following details. These details cannot be changed later.Registration TypeUnregisteredStateDELHIDistrictNew DelhiQuantity Sold(MT)9Name of the EntitySHAKTI PLAST CHEM PRIVATE LIMITEDAddressNEW DELHIGST No. of Seller03AAICM5508J1ZIGST No. of Buyer07ABKCS4860N1ZNhsnCode39021000invno25018155Bank Account No001581400000054IFSC CodeYESB0000015Principal Amount(₹)676500GST Amount(₹)121770Sales date2025-07-15CancelConfirm,Filled,"×
Error
Sales to registered PWP is not allowed !"
2026-05-27T07:30:19.595Z,435,25018163,2025-07-15,9,Unregistered,SHAKTI PLAST CHEM PRIVATE LIMITED,03AAICM5508J1ZI,07ABKCS4860N1ZN,Confirm Entered Details×Please check and confirm the following details. These details cannot be changed later.Registration TypeUnregisteredStateDELHIDistrictNew DelhiQuantity Sold(MT)9Name of the EntitySHAKTI PLAST CHEM PRIVATE LIMITEDAddressNEW DELHIGST No. of Seller03AAICM5508J1ZIGST No. of Buyer07ABKCS4860N1ZNhsnCode39021000invno25018163Bank Account No001581400000054IFSC CodeYESB0000015Principal Amount(₹)658930.5GST Amount(₹)118607.49Sales date2025-07-15CancelConfirm,Filled,"×
Error
Sales to registered PWP is not allowed !"
2026-05-27T07:30:25.667Z,441,25018301,2025-07-19,15,Unregistered,ANAND TWINES MANUFACTURING PRIVATE LIMITED,03AAICM5508J1ZI,09AAMCA0123H1ZY,Confirm Entered Details×Please check and confirm the following details. These details cannot be changed later.Registration TypeUnregisteredQuantity Sold(MT)15Name of the EntityANAND TWINES MANUFACTURING PRIVATE LIMITEDAddressNOIDAStateUTTAR PRADESHDistrictGautam Buddha NagarGST No. of Seller03AAICM5508J1ZIGST No. of Buyer09AAMCA0123H1ZYhsnCode39021000invno25018301Bank Account No001581400000054IFSC CodeYESB0000015Principal Amount(₹)1331250GST Amount(₹)239625Sales date2025-07-19CancelConfirm,Filled,"×
Error
Sales to registered PWP is not allowed !"
2026-05-27T07:30:31.845Z,443,25018412,2025-07-24,10,Unregistered,SHAKTI PLAST CHEM PRIVATE LIMITED,03AAICM5508J1ZI,07ABKCS4860N1ZN,Confirm Entered Details×Please check and confirm the following details. These details cannot be changed later.Registration TypeUnregisteredQuantity Sold(MT)10Name of the EntitySHAKTI PLAST CHEM PRIVATE LIMITEDAddressNEW DELHIStateDELHIDistrictNew DelhiGST No. of Seller03AAICM5508J1ZIGST No. of Buyer07ABKCS4860N1ZNhsnCode39021000invno25018412Bank Account No001581400000054IFSC CodeYESB0000015Principal Amount(₹)784771.5GST Amount(₹)141258.87Sales date2025-07-24CancelConfirm,Filled,"×
Error
Sales to registered PWP is not allowed !"
2026-05-27T07:30:38.064Z,445,25018421,2025-07-24,15,Unregistered,ANAND TWINES MANUFACTURING PRIVATE LIMITED,03AAICM5508J1ZI,09AAMCA0123H1ZY,Confirm Entered Details×Please check and confirm the following details. These details cannot be changed later.Registration TypeUnregisteredQuantity Sold(MT)15Name of the EntityANAND TWINES MANUFACTURING PRIVATE LIMITEDAddressNOIDAStateUTTAR PRADESHDistrictGautam Buddha NagarGST No. of Seller03AAICM5508J1ZIGST No. of Buyer09AAMCA0123H1ZYhsnCode39021000invno25018421Bank Account No001581400000054IFSC CodeYESB0000015Principal Amount(₹)1331250GST Amount(₹)239625Sales date2025-07-24CancelConfirm,Filled,"×
Error
Sales to registered PWP is not allowed !"
2026-05-27T07:30:57.455Z,321,DN/2025-26-001,2025-05-25,-15,Unregistered,ANAND TWINES MANUFACTURING PRIVATE LIMITED,03AAICM5508J1ZI,09AAMCA0123H1ZY,,Failed,Submit disabled: some required fields still missing.
2026-05-27T07:31:02.732Z,446,25018431,2025-07-24,10,Unregistered,SHAKTI PLAST CHEM PRIVATE LIMITED,03AAICM5508J1ZI,07ABKCS4860N1ZN,,Failed,"Submit error: ×
Error
Sales to registered PWP is not allowed !"
2026-05-27T07:31:06.563Z,450,25018474,2025-07-25,10,Unregistered,SHAKTI PLAST CHEM PRIVATE LIMITED,03AAICM5508J1ZI,07ABKCS4860N1ZN,,Failed,"Submit error: ×
Error
Sales to registered PWP is not allowed !"
2026-05-27T07:31:13.988Z,456,25018633,2025-07-29,10,Unregistered,SHAKTI PLAST CHEM PRIVATE LIMITED,03AAICM5508J1ZI,07ABKCS4860N1ZN,,Failed,"Submit error: ×
Error
Sales to registered PWP is not allowed !"
2026-05-27T07:31:17.856Z,460,25018696,2025-07-30,10,Unregistered,SHAKTI PLAST CHEM PRIVATE LIMITED,03AAICM5508J1ZI,07ABKCS4860N1ZN,,Failed,"Submit error: ×
Error
Sales to registered PWP is not allowed !"
2026-05-27T07:31:35.613Z,465,25018735,2025-07-31,10,Unregistered,SHAKTI PLAST CHEM PRIVATE LIMITED,03AAICM5508J1ZI,07ABKCS4860N1ZN,,Failed,"Submit error: ×
Error
Sales to registered PWP is not allowed !"
2026-05-27T07:31:39.389Z,466,25018819,2025-08-02,10,Unregistered,SHAKTI PLAST CHEM PRIVATE LIMITED,03AAICM5508J1ZI,07ABKCS4860N1ZN,,Failed,"Submit error: ×
Error
Sales to registered PWP is not allowed !"
2026-05-27T07:31:44.725Z,469,25018886,2025-08-05,10,Unregistered,SHAKTI PLAST CHEM PRIVATE LIMITED,03AAICM5508J1ZI,07ABKCS4860N1ZN,,Failed,"Submit error: ×
Error
Sales to registered PWP is not allowed !"
2026-05-27T07:32:21.640Z,472,25018900,2025-08-05,10,Unregistered,SHAKTI PLAST CHEM PRIVATE LIMITED,03AAICM5508J1ZI,07ABKCS4860N1ZN,,Failed,"Submit error: ×
Error
Sales to registered PWP is not allowed !"
2026-05-27T07:32:25.469Z,475,25018919,2025-06-08,10,Unregistered,SHAKTI PLAST CHEM PRIVATE LIMITED,03AAICM5508J1ZI,07ABKCS4860N1ZN,,Failed,Submit disabled: some required fields still missing.
2026-05-27T07:32:30.422Z,480,25018960,2025-08-07,9,Unregistered,SHAKTI PLAST CHEM PRIVATE LIMITED,03AAICM5508J1ZI,07ABKCS4860N1ZN,,Failed,"Submit error: ×
Error
Sales to registered PWP is not allowed !"
2026-05-27T07:32:34.253Z,484,25018981,2025-08-08,9,Unregistered,SHAKTI PLAST CHEM PRIVATE LIMITED,03AAICM5508J1ZI,07ABKCS4860N1ZN,,Failed,"Submit error: ×
Error
Sales to registered PWP is not allowed !"
2026-05-27T07:33:18.396Z,487,25019062,2025-08-12,10,Unregistered,SHAKTI PLAST CHEM PRIVATE LIMITED,03AAICM5508J1ZI,07ABKCS4860N1ZN,,Failed,"Submit error: ×
Error
Sales to registered PWP is not allowed !"
2026-05-27T07:33:22.166Z,490,25019070,2025-08-12,10,Unregistered,SHAKTI PLAST CHEM PRIVATE LIMITED,03AAICM5508J1ZI,07ABKCS4860N1ZN,,Failed,"Submit error: ×
Error
Sales to registered PWP is not allowed !"
2026-05-27T07:33:48.200Z,496,25019109,2025-08-13,10,Unregistered,SHAKTI PLAST CHEM PRIVATE LIMITED,03AAICM5508J1ZI,07ABKCS4860N1ZN,,Failed,"Submit error: ×
Error
Sales to registered PWP is not allowed !"
2026-05-27T07:33:52.005Z,501,25019177,2025-08-16,10,Unregistered,SHAKTI PLAST CHEM PRIVATE LIMITED,03AAICM5508J1ZI,07ABKCS4860N1ZN,,Failed,"Submit error: ×
Error
Sales to registered PWP is not allowed !"
2026-05-27T07:33:56.929Z,502,25019185,2025-08-16,10,Unregistered,SHAKTI PLAST CHEM PRIVATE LIMITED,03AAICM5508J1ZI,07ABKCS4860N1ZN,,Failed,"Submit error: ×
Error
Sales to registered PWP is not allowed !"
2026-05-27T07:34:00.729Z,506,25019254,2025-08-18,10,Unregistered,SHAKTI PLAST CHEM PRIVATE LIMITED,03AAICM5508J1ZI,07ABKCS4860N1ZN,,Failed,"Submit error: ×
Error
Sales to registered PWP is not allowed !"
2026-05-27T07:34:07.688Z,510,25019290,2025-08-19,10,Unregistered,SHAKTI PLAST CHEM PRIVATE LIMITED,03AAICM5508J1ZI,07ABKCS4860N1ZN,,Failed,"Submit error: ×
Error
Sales to registered PWP is not allowed !"
2026-05-27T07:34:11.520Z,515,25019348,2025-08-21,9,Unregistered,SHAKTI PLAST CHEM PRIVATE LIMITED,03AAICM5508J1ZI,07ABKCS4860N1ZN,,Failed,"Submit error: ×
Error
Sales to registered PWP is not allowed !"
2026-05-27T07:34:29.270Z,518,25019361,2025-08-21,9,Unregistered,SHAKTI PLAST CHEM PRIVATE LIMITED,03AAICM5508J1ZI,07ABKCS4860N1ZN,,Failed,"Submit error: ×
Error
Sales to registered PWP is not allowed !"
2026-05-27T07:34:33.427Z,523,25019401,2025-08-22,8.85,Unregistered,DALMIA TEA MARKETING P LTD,03AAICM5508J1ZI,09AABCD4494R1ZV,,Failed,"Submit error: ×
Error
Sales to registered PWP is not allowed !"
2026-05-27T07:35:04.776Z,524,25019423,2025-08-23,10,Unregistered,SHAKTI PLAST CHEM PRIVATE LIMITED,03AAICM5508J1ZI,07ABKCS4860N1ZN,,Failed,"Submit error: ×
Error
Sales to registered PWP is not allowed !"
2026-05-27T07:35:08.550Z,529,25019529,2025-08-26,10,Unregistered,SHAKTI PLAST CHEM PRIVATE LIMITED,03AAICM5508J1ZI,07ABKCS4860N1ZN,,Failed,"Submit error: ×
Error
Sales to registered PWP is not allowed !"
2026-05-27T07:35:17.003Z,532,25019537,2025-08-26,9,Unregistered,SHAKTI PLAST CHEM PRIVATE LIMITED,03AAICM5508J1ZI,07ABKCS4860N1ZN,,Failed,"Submit error: ×
Error
Sales to registered PWP is not allowed !"
2026-05-27T07:35:20.781Z,536,25019578,2025-08-27,10,Unregistered,SHAKTI PLAST CHEM PRIVATE LIMITED,03AAICM5508J1ZI,07ABKCS4860N1ZN,,Failed,"Submit error: ×
Error
Sales to registered PWP is not allowed !"
2026-05-27T07:35:43.163Z,540,25019600,2025-08-28,9,Unregistered,SHAKTI PLAST CHEM PRIVATE LIMITED,03AAICM5508J1ZI,07ABKCS4860N1ZN,,Failed,"Submit error: ×
Error
Sales to registered PWP is not allowed !"
2026-05-27T07:35:46.979Z,542,25019602,2025-08-28,9,Unregistered,SHAKTI PLAST CHEM PRIVATE LIMITED,03AAICM5508J1ZI,07ABKCS4860N1ZN,,Failed,"Submit error: ×
Error
Sales to registered PWP is not allowed !"
2026-05-27T07:35:52.237Z,545,25019647,2025-08-29,10,Unregistered,SHAKTI PLAST CHEM PRIVATE LIMITED,03AAICM5508J1ZI,07ABKCS4860N1ZN,,Failed,"Submit error: ×
Error
Sales to registered PWP is not allowed !"
2026-05-27T07:36:06.498Z,321,DN/2025-26-001,2025-05-25,-15,Unregistered,ANAND TWINES MANUFACTURING PRIVATE LIMITED,03AAICM5508J1ZI,09AAMCA0123H1ZY,,Failed,Submit disabled: some required fields still missing.
2026-05-27T07:36:11.506Z,446,25018431,2025-07-24,10,Unregistered,SHAKTI PLAST CHEM PRIVATE LIMITED,03AAICM5508J1ZI,07ABKCS4860N1ZN,,Failed,"Submit error: ×
Error
Sales to registered PWP is not allowed !"
2026-05-27T07:36:15.357Z,450,25018474,2025-07-25,10,Unregistered,SHAKTI PLAST CHEM PRIVATE LIMITED,03AAICM5508J1ZI,07ABKCS4860N1ZN,,Failed,"Submit error: ×
Error
Sales to registered PWP is not allowed !"
2026-05-27T07:36:23.981Z,456,25018633,2025-07-29,10,Unregistered,SHAKTI PLAST CHEM PRIVATE LIMITED,03AAICM5508J1ZI,07ABKCS4860N1ZN,,Failed,"Submit error: ×
Error
Sales to registered PWP is not allowed !"
2026-05-27T07:36:27.779Z,460,25018696,2025-07-30,10,Unregistered,SHAKTI PLAST CHEM PRIVATE LIMITED,03AAICM5508J1ZI,07ABKCS4860N1ZN,,Failed,"Submit error: ×
Error
Sales to registered PWP is not allowed !"
2026-05-27T07:36:39.236Z,465,25018735,2025-07-31,10,Unregistered,SHAKTI PLAST CHEM PRIVATE LIMITED,03AAICM5508J1ZI,07ABKCS4860N1ZN,,Failed,"Submit error: ×
Error
Sales to registered PWP is not allowed !"
2026-05-27T07:36:43.071Z,466,25018819,2025-08-02,10,Unregistered,SHAKTI PLAST CHEM PRIVATE LIMITED,03AAICM5508J1ZI,07ABKCS4860N1ZN,,Failed,"Submit error: ×
Error
Sales to registered PWP is not allowed !"
2026-05-27T07:36:55.004Z,469,25018886,2025-08-05,10,Unregistered,SHAKTI PLAST CHEM PRIVATE LIMITED,03AAICM5508J1ZI,07ABKCS4860N1ZN,,Failed,"Submit error: ×
Error
Sales to registered PWP is not allowed !"
2026-05-27T07:36:58.853Z,472,25018900,2025-08-05,10,Unregistered,SHAKTI PLAST CHEM PRIVATE LIMITED,03AAICM5508J1ZI,07ABKCS4860N1ZN,,Failed,"Submit error: ×
Error
Sales to registered PWP is not allowed !"
2026-05-27T07:37:07.143Z,475,25018919,2025-06-08,10,Unregistered,SHAKTI PLAST CHEM PRIVATE LIMITED,03AAICM5508J1ZI,07ABKCS4860N1ZN,,Failed,Submit disabled: some required fields still missing.
2026-05-27T07:37:11.851Z,480,25018960,2025-08-07,9,Unregistered,SHAKTI PLAST CHEM PRIVATE LIMITED,03AAICM5508J1ZI,07ABKCS4860N1ZN,,Failed,"Submit error: ×
Error
Sales to registered PWP is not allowed !"
2026-05-27T07:37:15.643Z,484,25018981,2025-08-08,9,Unregistered,SHAKTI PLAST CHEM PRIVATE LIMITED,03AAICM5508J1ZI,07ABKCS4860N1ZN,,Failed,"Submit error: ×
Error
Sales to registered PWP is not allowed !"
2026-05-27T07:37:20.384Z,487,25019062,2025-08-12,10,Unregistered,SHAKTI PLAST CHEM PRIVATE LIMITED,03AAICM5508J1ZI,07ABKCS4860N1ZN,,Failed,"Submit error: ×
Error
Sales to registered PWP is not allowed !"
2026-05-27T07:37:24.211Z,490,25019070,2025-08-12,10,Unregistered,SHAKTI PLAST CHEM PRIVATE LIMITED,03AAICM5508J1ZI,07ABKCS4860N1ZN,,Failed,"Submit error: ×
Error
Sales to registered PWP is not allowed !"
2026-05-27T07:37:35.202Z,496,25019109,2025-08-13,10,Unregistered,SHAKTI PLAST CHEM PRIVATE LIMITED,03AAICM5508J1ZI,07ABKCS4860N1ZN,,Failed,"Submit error: ×
Error
Sales to registered PWP is not allowed !"
2026-05-27T07:37:40.869Z,501,25019177,2025-08-16,10,Unregistered,SHAKTI PLAST CHEM PRIVATE LIMITED,03AAICM5508J1ZI,07ABKCS4860N1ZN,,Failed,"Submit error: ×
Error
Sales to registered PWP is not allowed !"
2026-05-27T07:37:44.707Z,502,25019185,2025-08-16,10,Unregistered,SHAKTI PLAST CHEM PRIVATE LIMITED,03AAICM5508J1ZI,07ABKCS4860N1ZN,,Failed,"Submit error: ×
Error
Sales to registered PWP is not allowed !"
2026-05-27T07:38:03.732Z,506,25019254,2025-08-18,10,Unregistered,SHAKTI PLAST CHEM PRIVATE LIMITED,03AAICM5508J1ZI,07ABKCS4860N1ZN,,Failed,"Submit error: ×
Error
Sales to registered PWP is not allowed !"
2026-05-27T07:38:08.448Z,510,25019290,2025-08-19,10,Unregistered,SHAKTI PLAST CHEM PRIVATE LIMITED,03AAICM5508J1ZI,07ABKCS4860N1ZN,,Failed,"Submit error: ×
Error
Sales to registered PWP is not allowed !"
2026-05-27T07:38:15.990Z,515,25019348,2025-08-21,9,Unregistered,SHAKTI PLAST CHEM PRIVATE LIMITED,03AAICM5508J1ZI,07ABKCS4860N1ZN,,Failed,"Submit error: ×
Error
Sales to registered PWP is not allowed !"
2026-05-27T07:38:19.823Z,518,25019361,2025-08-21,9,Unregistered,SHAKTI PLAST CHEM PRIVATE LIMITED,03AAICM5508J1ZI,07ABKCS4860N1ZN,,Failed,"Submit error: ×
Error
Sales to registered PWP is not allowed !"
2026-05-27T07:38:36.510Z,523,25019401,2025-08-22,8.85,Unregistered,DALMIA TEA MARKETING P LTD,03AAICM5508J1ZI,09AABCD4494R1ZV,,Failed,"Submit error: ×
Error
Sales to registered PWP is not allowed !"
2026-05-27T07:38:40.543Z,524,25019423,2025-08-23,10,Unregistered,SHAKTI PLAST CHEM PRIVATE LIMITED,03AAICM5508J1ZI,07ABKCS4860N1ZN,,Failed,"Submit error: ×
Error
Sales to registered PWP is not allowed !"
2026-05-27T07:38:45.253Z,529,25019529,2025-08-26,10,Unregistered,SHAKTI PLAST CHEM PRIVATE LIMITED,03AAICM5508J1ZI,07ABKCS4860N1ZN,,Failed,"Submit error: ×
Error
Sales to registered PWP is not allowed !"
2026-05-27T07:38:49.107Z,532,25019537,2025-08-26,9,Unregistered,SHAKTI PLAST CHEM PRIVATE LIMITED,03AAICM5508J1ZI,07ABKCS4860N1ZN,,Failed,"Submit error: ×
Error
Sales to registered PWP is not allowed !"
2026-05-27T07:38:53.854Z,536,25019578,2025-08-27,10,Unregistered,SHAKTI PLAST CHEM PRIVATE LIMITED,03AAICM5508J1ZI,07ABKCS4860N1ZN,,Failed,"Submit error: ×
Error
Sales to registered PWP is not allowed !"
2026-05-27T07:38:57.683Z,540,25019600,2025-08-28,9,Unregistered,SHAKTI PLAST CHEM PRIVATE LIMITED,03AAICM5508J1ZI,07ABKCS4860N1ZN,,Failed,"Submit error: ×
Error
Sales to registered PWP is not allowed !"
2026-05-27T07:39:05.953Z,542,25019602,2025-08-28,9,Unregistered,SHAKTI PLAST CHEM PRIVATE LIMITED,03AAICM5508J1ZI,07ABKCS4860N1ZN,,Failed,"Submit error: ×
Error
Sales to registered PWP is not allowed !"
2026-05-27T07:39:09.816Z,545,25019647,2025-08-29,10,Unregistered,SHAKTI PLAST CHEM PRIVATE LIMITED,03AAICM5508J1ZI,07ABKCS4860N1ZN,,Failed,"Submit error: ×
Error
Sales to registered PWP is not allowed !"
2026-05-27T07:39:16.976Z,548,25019700,2025-08-30,10,Unregistered,SHAKTI PLAST CHEM PRIVATE LIMITED,03AAICM5508J1ZI,07ABKCS4860N1ZN,,Failed,"Submit error: ×
Error
Sales to registered PWP is not allowed !"
2026-05-27T07:39:20.794Z,553,25019760,2025-08-31,10,Unregistered,SHAKTI PLAST CHEM PRIVATE LIMITED,03AAICM5508J1ZI,07ABKCS4860N1ZN,,Failed,"Submit error: ×
Error
Sales to registered PWP is not allowed !"
2026-05-27T07:39:27.511Z,554,25019866,2025-09-02,10,Unregistered,SHAKTI PLAST CHEM PRIVATE LIMITED,03AAICM5508J1ZI,07ABKCS4860N1ZN,,Failed,"Submit error: ×
Error
Sales to registered PWP is not allowed !"
2026-05-27T07:39:31.325Z,557,25019890,2025-09-03,0,Unregistered,SHAKTI PLASTIC INDUSTRIES,03AAICM5508J1ZI,07AAEPA7021R1ZN,,Failed,Submit disabled: some required fields still missing.
2026-05-27T07:39:36.040Z,560,25019893,2025-09-03,10,Unregistered,SHAKTI PLAST CHEM PRIVATE LIMITED,03AAICM5508J1ZI,07ABKCS4860N1ZN,,Failed,"Submit error: ×
Error
Sales to registered PWP is not allowed !"
2026-05-27T07:39:39.844Z,563,25019962,2025-09-05,9,Unregistered,SHAKTI PLAST CHEM PRIVATE LIMITED,03AAICM5508J1ZI,07ABKCS4860N1ZN,,Failed,"Submit error: ×
Error
Sales to registered PWP is not allowed !"
2026-05-27T07:39:54.330Z,566,25019993,2025-09-06,9,Unregistered,SHAKTI PLAST CHEM PRIVATE LIMITED,03AAICM5508J1ZI,07ABKCS4860N1ZN,,Failed,"Submit error: ×
Error
Sales to registered PWP is not allowed !"
2026-05-27T07:39:58.135Z,570,25019997,2025-09-06,10,Unregistered,SHAKTI PLAST CHEM PRIVATE LIMITED,03AAICM5508J1ZI,07ABKCS4860N1ZN,,Failed,"Submit error: ×
Error
Sales to registered PWP is not allowed !"
2026-05-27T07:40:27.069Z,574,25020054,2025-09-08,10,Unregistered,SHAKTI PLAST CHEM PRIVATE LIMITED,03AAICM5508J1ZI,07ABKCS4860N1ZN,,Failed,"Submit error: ×
Error
Sales to registered PWP is not allowed !"
2026-05-27T07:40:30.893Z,579,25020107,2025-09-10,10,Unregistered,SHAKTI PLAST CHEM PRIVATE LIMITED,03AAICM5508J1ZI,07ABKCS4860N1ZN,,Failed,"Submit error: ×
Error
Sales to registered PWP is not allowed !"
2026-05-27T07:40:35.939Z,580,25020108,2025-09-10,10,Unregistered,SHAKTI PLAST CHEM PRIVATE LIMITED,03AAICM5508J1ZI,07ABKCS4860N1ZN,,Failed,"Submit error: ×
Error
Sales to registered PWP is not allowed !"
2026-05-27T07:40:39.755Z,581,25020121,2025-09-10,9,Unregistered,SHAKTI PLAST CHEM PRIVATE LIMITED,03AAICM5508J1ZI,07ABKCS4860N1ZN,,Failed,"Submit error: ×
Error
Sales to registered PWP is not allowed !"
2026-05-27T07:40:44.462Z,589,25020155,2025-09-11,9,Unregistered,SHAKTI PLAST CHEM PRIVATE LIMITED,03AAICM5508J1ZI,07ABKCS4860N1ZN,,Failed,"Submit error: ×
Error
Sales to registered PWP is not allowed !"
2026-05-27T07:40:48.359Z,590,25020183,2025-09-12,9,Unregistered,SHAKTI PLAST CHEM PRIVATE LIMITED,03AAICM5508J1ZI,07ABKCS4860N1ZN,,Failed,"Submit error: ×
Error
Sales to registered PWP is not allowed !"
2026-05-27T07:41:25.049Z,594,25020219,2025-09-13,10,Unregistered,SHAKTI PLAST CHEM PRIVATE LIMITED,03AAICM5508J1ZI,07ABKCS4860N1ZN,,Failed,"Submit error: ×
Error
Sales to registered PWP is not allowed !"
2026-05-27T07:41:28.895Z,601,25020334,2025-09-17,10,Unregistered,SHAKTI PLAST CHEM PRIVATE LIMITED,03AAICM5508J1ZI,07ABKCS4860N1ZN,,Failed,"Submit error: ×
Error
Sales to registered PWP is not allowed !"
2026-05-27T07:41:34.017Z,610,25020400,2025-09-19,9,Unregistered,SHAKTI PLAST CHEM PRIVATE LIMITED,03AAICM5508J1ZI,07ABKCS4860N1ZN,,Failed,"Submit error: ×
Error
Sales to registered PWP is not allowed !"
2026-05-27T07:41:38.057Z,611,25070515,2025-09-19,0,Unregistered,KHURANA HI TECH PLASTICS,03AAICM5508J1ZI,03AALFK7750J1Z3,,Failed,Submit disabled: some required fields still missing.
2026-05-27T07:41:43.122Z,613,25020444,2025-09-20,10,Unregistered,SHAKTI PLAST CHEM PRIVATE LIMITED,03AAICM5508J1ZI,07ABKCS4860N1ZN,,Failed,"Submit error: ×
Error
Sales to registered PWP is not allowed !"
2026-05-27T07:41:47.282Z,617,25020505,2025-09-22,3,Unregistered,RECOMMERCEX PRIVATE LIMITED,03AAICM5508J1ZI,09AANCR3594C1Z1,,Failed,"Submit error: ×
Error
Sales to registered PWP is not allowed !"
2026-05-27T07:41:53.402Z,618,25020506,2025-09-22,6,Unregistered,RECOMMERCEX PRIVATE LIMITED,03AAICM5508J1ZI,09AANCR3594C1Z1,,Failed,toastText is not defined
2026-05-27T07:42:00.416Z,619,25020553,2025-09-23,10,Unregistered,SHAKTI PLAST CHEM PRIVATE LIMITED,03AAICM5508J1ZI,07ABKCS4860N1ZN,,Failed,"Submit error: ×
Error
Sales to registered PWP is not allowed !"
2026-05-27T07:42:04.286Z,624,25020590,2025-09-24,10,Unregistered,SHAKTI PLAST CHEM PRIVATE LIMITED,03AAICM5508J1ZI,07ABKCS4860N1ZN,,Failed,"Submit error: ×
Error
Sales to registered PWP is not allowed !"
2026-05-27T07:42:12.107Z,630,25020638,2025-09-25,10,Unregistered,SHAKTI PLAST CHEM PRIVATE LIMITED,03AAICM5508J1ZI,07ABKCS4860N1ZN,,Failed,"Submit error: ×
Error
Sales to registered PWP is not allowed !"
2026-05-27T07:42:17.764Z,631,25020674,2025-09-26,10,Unregistered,SHAKTI PLAST CHEM PRIVATE LIMITED,03AAICM5508J1ZI,07ABKCS4860N1ZN,,Failed,"Submit error: ×
Error
Sales to registered PWP is not allowed !"
2026-05-27T07:42:21.546Z,635,25020761,2025-09-28,10,Unregistered,SHAKTI PLAST CHEM PRIVATE LIMITED,03AAICM5508J1ZI,07ABKCS4860N1ZN,,Failed,"Submit error: ×
Error
Sales to registered PWP is not allowed !"
2026-05-27T07:42:28.087Z,637,25020811,2025-09-29,3.1,Unregistered,RECOMMERCEX PRIVATE LIMITED,03AAICM5508J1ZI,09AANCR3594C1Z1,,Failed,"Submit error: ×
Error
Sales to registered PWP is not allowed !"
2026-05-27T07:42:31.877Z,638,25020812,2025-09-29,6,Unregistered,RECOMMERCEX PRIVATE LIMITED,03AAICM5508J1ZI,09AANCR3594C1Z1,,Failed,Submit disabled: some required fields still missing.
2026-05-27T07:42:38.004Z,640,25070540,2025-09-29,0,Unregistered,MAGO TRADING CO.,03AAICM5508J1ZI,03AITPM3950G1Z4,,Failed,Submit disabled: some required fields still missing.
2026-05-27T07:42:42.903Z,641,25020870,2025-09-30,10,Unregistered,SHAKTI PLAST CHEM PRIVATE LIMITED,03AAICM5508J1ZI,07ABKCS4860N1ZN,,Failed,"Submit error: ×
Error
Sales to registered PWP is not allowed !"
2026-05-27T07:42:46.699Z,644,25020876,2025-09-30,10,Unregistered,SHAKTI PLAST CHEM PRIVATE LIMITED,03AAICM5508J1ZI,07ABKCS4860N1ZN,,Failed,"Submit error: ×
Error
Sales to registered PWP is not allowed !"
2026-05-27T07:43:14.654Z,321,DN/2025-26-001,2025-05-25,-15,Unregistered,ANAND TWINES MANUFACTURING PRIVATE LIMITED,03AAICM5508J1ZI,09AAMCA0123H1ZY,,Failed,Submit disabled: some required fields still missing.
2026-05-27T07:43:51.046Z,446,25018431,2025-07-24,10,Unregistered,SHAKTI PLAST CHEM PRIVATE LIMITED,03AAICM5508J1ZI,07ABKCS4860N1ZN,,Failed,EPR Invoice not found. Last toast: Potential generation will be updated within 24–48 hours of invoice upload due to procedural delays.
2026-05-27T07:44:27.028Z,450,25018474,2025-07-25,10,Unregistered,SHAKTI PLAST CHEM PRIVATE LIMITED,03AAICM5508J1ZI,07ABKCS4860N1ZN,,Failed,EPR Invoice not found. Last toast: Potential generation will be updated within 24–48 hours of invoice upload due to procedural delays.
2026-05-27T07:45:03.274Z,456,25018633,2025-07-29,10,Unregistered,SHAKTI PLAST CHEM PRIVATE LIMITED,03AAICM5508J1ZI,07ABKCS4860N1ZN,,Failed,EPR Invoice not found. Last toast: Potential generation will be updated within 24–48 hours of invoice upload due to procedural delays.
2026-05-27T07:45:39.568Z,460,25018696,2025-07-30,10,Unregistered,SHAKTI PLAST CHEM PRIVATE LIMITED,03AAICM5508J1ZI,07ABKCS4860N1ZN,,Failed,EPR Invoice not found. Last toast: Potential generation will be updated within 24–48 hours of invoice upload due to procedural delays.
2026-05-27T07:46:15.272Z,465,25018735,2025-07-31,10,Unregistered,SHAKTI PLAST CHEM PRIVATE LIMITED,03AAICM5508J1ZI,07ABKCS4860N1ZN,,Failed,EPR Invoice not found. Last toast: Potential generation will be updated within 24–48 hours of invoice upload due to procedural delays.
2026-05-27T07:46:51.070Z,466,25018819,2025-08-02,10,Unregistered,SHAKTI PLAST CHEM PRIVATE LIMITED,03AAICM5508J1ZI,07ABKCS4860N1ZN,,Failed,EPR Invoice not found. Last toast: Potential generation will be updated within 24–48 hours of invoice upload due to procedural delays.
2026-05-27T07:47:14.921Z,321,DN/2025-26-001,2025-05-25,-15,Unregistered,ANAND TWINES MANUFACTURING PRIVATE LIMITED,03AAICM5508J1ZI,09AAMCA0123H1ZY,,Failed,Submit disabled: some required fields still missing.
2026-05-27T07:47:51.269Z,446,25018431,2025-07-24,10,Unregistered,SHAKTI PLAST CHEM PRIVATE LIMITED,03AAICM5508J1ZI,07ABKCS4860N1ZN,,Failed,EPR Invoice not found. Last toast: Potential generation will be updated within 24–48 hours of invoice upload due to procedural delays.
2026-05-27T07:48:27.093Z,450,25018474,2025-07-25,10,Unregistered,SHAKTI PLAST CHEM PRIVATE LIMITED,03AAICM5508J1ZI,07ABKCS4860N1ZN,,Failed,EPR Invoice not found. Last toast: Potential generation will be updated within 24–48 hours of invoice upload due to procedural delays.
2026-05-27T07:49:02.897Z,456,25018633,2025-07-29,10,Unregistered,SHAKTI PLAST CHEM PRIVATE LIMITED,03AAICM5508J1ZI,07ABKCS4860N1ZN,,Failed,EPR Invoice not found. Last toast: Potential generation will be updated within 24–48 hours of invoice upload due to procedural delays.
2026-05-27T07:49:38.714Z,460,25018696,2025-07-30,10,Unregistered,SHAKTI PLAST CHEM PRIVATE LIMITED,03AAICM5508J1ZI,07ABKCS4860N1ZN,,Failed,EPR Invoice not found. Last toast: Potential generation will be updated within 24–48 hours of invoice upload due to procedural delays.
2026-05-27T07:50:14.439Z,465,25018735,2025-07-31,10,Unregistered,SHAKTI PLAST CHEM PRIVATE LIMITED,03AAICM5508J1ZI,07ABKCS4860N1ZN,,Failed,EPR Invoice not found. Last toast: Potential generation will be updated within 24–48 hours of invoice upload due to procedural delays.
2026-05-27T07:50:51.250Z,466,25018819,2025-08-02,10,Unregistered,SHAKTI PLAST CHEM PRIVATE LIMITED,03AAICM5508J1ZI,07ABKCS4860N1ZN,,Failed,EPR Invoice not found. Last toast: Potential generation will be updated within 24–48 hours of invoice upload due to procedural delays.
2026-05-27T07:51:27.756Z,469,25018886,2025-08-05,10,Unregistered,SHAKTI PLAST CHEM PRIVATE LIMITED,03AAICM5508J1ZI,07ABKCS4860N1ZN,,Failed,EPR Invoice not found. Last toast: Potential generation will be updated within 24–48 hours of invoice upload due to procedural delays.
2026-05-27T07:52:04.198Z,472,25018900,2025-08-05,10,Unregistered,SHAKTI PLAST CHEM PRIVATE LIMITED,03AAICM5508J1ZI,07ABKCS4860N1ZN,,Failed,EPR Invoice not found. Last toast: Potential generation will be updated within 24–48 hours of invoice upload due to procedural delays.
2026-05-27T07:52:10.124Z,475,25018919,2025-06-08,10,Unregistered,SHAKTI PLAST CHEM PRIVATE LIMITED,03AAICM5508J1ZI,07ABKCS4860N1ZN,,Failed,Submit disabled: some required fields still missing.
2026-05-27T07:52:46.641Z,480,25018960,2025-08-07,9,Unregistered,SHAKTI PLAST CHEM PRIVATE LIMITED,03AAICM5508J1ZI,07ABKCS4860N1ZN,,Failed,EPR Invoice not found. Last toast: Potential generation will be updated within 24–48 hours of invoice upload due to procedural delays.
2026-05-27T07:53:24.152Z,484,25018981,2025-08-08,9,Unregistered,SHAKTI PLAST CHEM PRIVATE LIMITED,03AAICM5508J1ZI,07ABKCS4860N1ZN,,Failed,EPR Invoice not found. Last toast: Potential generation will be updated within 24–48 hours of invoice upload due to procedural delays.
2026-05-27T07:54:00.554Z,487,25019062,2025-08-12,10,Unregistered,SHAKTI PLAST CHEM PRIVATE LIMITED,03AAICM5508J1ZI,07ABKCS4860N1ZN,,Failed,EPR Invoice not found. Last toast: Potential generation will be updated within 24–48 hours of invoice upload due to procedural delays.
2026-05-27T07:54:36.563Z,490,25019070,2025-08-12,10,Unregistered,SHAKTI PLAST CHEM PRIVATE LIMITED,03AAICM5508J1ZI,07ABKCS4860N1ZN,,Failed,EPR Invoice not found. Last toast: Potential generation will be updated within 24–48 hours of invoice upload due to procedural delays.
2026-05-27T07:55:13.094Z,496,25019109,2025-08-13,10,Unregistered,SHAKTI PLAST CHEM PRIVATE LIMITED,03AAICM5508J1ZI,07ABKCS4860N1ZN,,Failed,EPR Invoice not found. Last toast: Potential generation will be updated within 24–48 hours of invoice upload due to procedural delays.
2026-05-27T07:55:49.478Z,501,25019177,2025-08-16,10,Unregistered,SHAKTI PLAST CHEM PRIVATE LIMITED,03AAICM5508J1ZI,07ABKCS4860N1ZN,,Failed,EPR Invoice not found. Last toast: Potential generation will be updated within 24–48 hours of invoice upload due to procedural delays.
2026-05-27T07:56:26.326Z,502,25019185,2025-08-16,10,Unregistered,SHAKTI PLAST CHEM PRIVATE LIMITED,03AAICM5508J1ZI,07ABKCS4860N1ZN,,Failed,EPR Invoice not found. Last toast: Potential generation will be updated within 24–48 hours of invoice upload due to procedural delays.
2026-05-27T07:57:03.085Z,506,25019254,2025-08-18,10,Unregistered,SHAKTI PLAST CHEM PRIVATE LIMITED,03AAICM5508J1ZI,07ABKCS4860N1ZN,,Failed,EPR Invoice not found. Last toast: Potential generation will be updated within 24–48 hours of invoice upload due to procedural delays.
2026-05-27T07:57:39.908Z,510,25019290,2025-08-19,10,Unregistered,SHAKTI PLAST CHEM PRIVATE LIMITED,03AAICM5508J1ZI,07ABKCS4860N1ZN,,Failed,EPR Invoice not found. Last toast: Potential generation will be updated within 24–48 hours of invoice upload due to procedural delays.
2026-05-27T07:58:16.077Z,515,25019348,2025-08-21,9,Unregistered,SHAKTI PLAST CHEM PRIVATE LIMITED,03AAICM5508J1ZI,07ABKCS4860N1ZN,,Failed,EPR Invoice not found. Last toast: Potential generation will be updated within 24–48 hours of invoice upload due to procedural delays.
2026-05-27T07:58:52.796Z,518,25019361,2025-08-21,9,Unregistered,SHAKTI PLAST CHEM PRIVATE LIMITED,03AAICM5508J1ZI,07ABKCS4860N1ZN,,Failed,EPR Invoice not found. Last toast: Potential generation will be updated within 24–48 hours of invoice upload due to procedural delays.
2026-05-27T07:59:29.783Z,523,25019401,2025-08-22,8.85,Unregistered,DALMIA TEA MARKETING P LTD,03AAICM5508J1ZI,09AABCD4494R1ZV,,Failed,EPR Invoice not found. Last toast: Potential generation will be updated within 24–48 hours of invoice upload due to procedural delays.
2026-05-27T08:00:06.023Z,524,25019423,2025-08-23,10,Unregistered,SHAKTI PLAST CHEM PRIVATE LIMITED,03AAICM5508J1ZI,07ABKCS4860N1ZN,,Failed,EPR Invoice not found. Last toast: Potential generation will be updated within 24–48 hours of invoice upload due to procedural delays.
2026-05-27T08:00:42.596Z,529,25019529,2025-08-26,10,Unregistered,SHAKTI PLAST CHEM PRIVATE LIMITED,03AAICM5508J1ZI,07ABKCS4860N1ZN,,Failed,EPR Invoice not found. Last toast: Potential generation will be updated within 24–48 hours of invoice upload due to procedural delays.
2026-05-27T08:01:19.167Z,532,25019537,2025-08-26,9,Unregistered,SHAKTI PLAST CHEM PRIVATE LIMITED,03AAICM5508J1ZI,07ABKCS4860N1ZN,,Failed,EPR Invoice not found. Last toast: Potential generation will be updated within 24–48 hours of invoice upload due to procedural delays.
2026-05-27T08:01:55.278Z,536,25019578,2025-08-27,10,Unregistered,SHAKTI PLAST CHEM PRIVATE LIMITED,03AAICM5508J1ZI,07ABKCS4860N1ZN,,Failed,EPR Invoice not found. Last toast: Potential generation will be updated within 24–48 hours of invoice upload due to procedural delays.
2026-05-27T08:02:31.207Z,540,25019600,2025-08-28,9,Unregistered,SHAKTI PLAST CHEM PRIVATE LIMITED,03AAICM5508J1ZI,07ABKCS4860N1ZN,,Failed,EPR Invoice not found. Last toast: Potential generation will be updated within 24–48 hours of invoice upload due to procedural delays.
2026-05-27T08:03:07.873Z,542,25019602,2025-08-28,9,Unregistered,SHAKTI PLAST CHEM PRIVATE LIMITED,03AAICM5508J1ZI,07ABKCS4860N1ZN,,Failed,EPR Invoice not found. Last toast: Potential generation will be updated within 24–48 hours of invoice upload due to procedural delays.
2026-05-27T08:03:45.019Z,545,25019647,2025-08-29,10,Unregistered,SHAKTI PLAST CHEM PRIVATE LIMITED,03AAICM5508J1ZI,07ABKCS4860N1ZN,,Failed,EPR Invoice not found. Last toast: Potential generation will be updated within 24–48 hours of invoice upload due to procedural delays.
2026-05-27T08:04:21.204Z,548,25019700,2025-08-30,10,Unregistered,SHAKTI PLAST CHEM PRIVATE LIMITED,03AAICM5508J1ZI,07ABKCS4860N1ZN,,Failed,EPR Invoice not found. Last toast: Potential generation will be updated within 24–48 hours of invoice upload due to procedural delays.
2026-05-27T08:04:57.600Z,553,25019760,2025-08-31,10,Unregistered,SHAKTI PLAST CHEM PRIVATE LIMITED,03AAICM5508J1ZI,07ABKCS4860N1ZN,,Failed,EPR Invoice not found. Last toast: Potential generation will be updated within 24–48 hours of invoice upload due to procedural delays.
2026-05-27T08:05:33.606Z,554,25019866,2025-09-02,10,Unregistered,SHAKTI PLAST CHEM PRIVATE LIMITED,03AAICM5508J1ZI,07ABKCS4860N1ZN,,Failed,EPR Invoice not found. Last toast: Potential generation will be updated within 24–48 hours of invoice upload due to procedural delays.
2026-05-27T08:05:38.823Z,557,25019890,2025-09-03,0,Unregistered,SHAKTI PLASTIC INDUSTRIES,03AAICM5508J1ZI,07AAEPA7021R1ZN,,Failed,Submit disabled: some required fields still missing.
2026-05-27T08:06:14.928Z,560,25019893,2025-09-03,10,Unregistered,SHAKTI PLAST CHEM PRIVATE LIMITED,03AAICM5508J1ZI,07ABKCS4860N1ZN,,Failed,EPR Invoice not found. Last toast: Potential generation will be updated within 24–48 hours of invoice upload due to procedural delays.
2026-05-27T08:06:52.112Z,563,25019962,2025-09-05,9,Unregistered,SHAKTI PLAST CHEM PRIVATE LIMITED,03AAICM5508J1ZI,07ABKCS4860N1ZN,,Failed,EPR Invoice not found. Last toast: Potential generation will be updated within 24–48 hours of invoice upload due to procedural delays.
2026-05-27T08:07:28.657Z,566,25019993,2025-09-06,9,Unregistered,SHAKTI PLAST CHEM PRIVATE LIMITED,03AAICM5508J1ZI,07ABKCS4860N1ZN,,Failed,EPR Invoice not found. Last toast: Potential generation will be updated within 24–48 hours of invoice upload due to procedural delays.
2026-05-27T08:08:05.261Z,570,25019997,2025-09-06,10,Unregistered,SHAKTI PLAST CHEM PRIVATE LIMITED,03AAICM5508J1ZI,07ABKCS4860N1ZN,,Failed,EPR Invoice not found. Last toast: Potential generation will be updated within 24–48 hours of invoice upload due to procedural delays.
2026-05-27T08:08:41.955Z,574,25020054,2025-09-08,10,Unregistered,SHAKTI PLAST CHEM PRIVATE LIMITED,03AAICM5508J1ZI,07ABKCS4860N1ZN,,Failed,EPR Invoice not found. Last toast: Potential generation will be updated within 24–48 hours of invoice upload due to procedural delays.
2026-05-27T08:09:18.569Z,579,25020107,2025-09-10,10,Unregistered,SHAKTI PLAST CHEM PRIVATE LIMITED,03AAICM5508J1ZI,07ABKCS4860N1ZN,,Failed,EPR Invoice not found. Last toast: Potential generation will be updated within 24–48 hours of invoice upload due to procedural delays.
2026-05-27T08:09:54.855Z,580,25020108,2025-09-10,10,Unregistered,SHAKTI PLAST CHEM PRIVATE LIMITED,03AAICM5508J1ZI,07ABKCS4860N1ZN,,Failed,EPR Invoice not found. Last toast: Potential generation will be updated within 24–48 hours of invoice upload due to procedural delays.
2026-05-27T08:10:30.675Z,581,25020121,2025-09-10,9,Unregistered,SHAKTI PLAST CHEM PRIVATE LIMITED,03AAICM5508J1ZI,07ABKCS4860N1ZN,,Failed,EPR Invoice not found. Last toast: Potential generation will be updated within 24–48 hours of invoice upload due to procedural delays.
2026-05-27T08:11:07.071Z,589,25020155,2025-09-11,9,Unregistered,SHAKTI PLAST CHEM PRIVATE LIMITED,03AAICM5508J1ZI,07ABKCS4860N1ZN,,Failed,EPR Invoice not found. Last toast: Potential generation will be updated within 24–48 hours of invoice upload due to procedural delays.
2026-05-27T08:11:43.259Z,590,25020183,2025-09-12,9,Unregistered,SHAKTI PLAST CHEM PRIVATE LIMITED,03AAICM5508J1ZI,07ABKCS4860N1ZN,,Failed,EPR Invoice not found. Last toast: Potential generation will be updated within 24–48 hours of invoice upload due to procedural delays.
2026-05-27T08:12:19.556Z,594,25020219,2025-09-13,10,Unregistered,SHAKTI PLAST CHEM PRIVATE LIMITED,03AAICM5508J1ZI,07ABKCS4860N1ZN,,Failed,EPR Invoice not found. Last toast: Potential generation will be updated within 24–48 hours of invoice upload due to procedural delays.
2026-05-27T08:12:55.830Z,601,25020334,2025-09-17,10,Unregistered,SHAKTI PLAST CHEM PRIVATE LIMITED,03AAICM5508J1ZI,07ABKCS4860N1ZN,,Failed,EPR Invoice not found. Last toast: Potential generation will be updated within 24–48 hours of invoice upload due to procedural delays.
2026-05-27T08:13:32.070Z,610,25020400,2025-09-19,9,Unregistered,SHAKTI PLAST CHEM PRIVATE LIMITED,03AAICM5508J1ZI,07ABKCS4860N1ZN,,Failed,EPR Invoice not found. Last toast: Potential generation will be updated within 24–48 hours of invoice upload due to procedural delays.
2026-05-27T08:13:37.894Z,611,25070515,2025-09-19,0,Unregistered,KHURANA HI TECH PLASTICS,03AAICM5508J1ZI,03AALFK7750J1Z3,,Failed,Submit disabled: some required fields still missing.
2026-05-27T08:14:14.351Z,613,25020444,2025-09-20,10,Unregistered,SHAKTI PLAST CHEM PRIVATE LIMITED,03AAICM5508J1ZI,07ABKCS4860N1ZN,,Failed,EPR Invoice not found. Last toast: Potential generation will be updated within 24–48 hours of invoice upload due to procedural delays.
2026-05-27T08:14:21.368Z,617,25020505,2025-09-22,3,Unregistered,RECOMMERCEX PRIVATE LIMITED,03AAICM5508J1ZI,09AANCR3594C1Z1,202605278961416,Filled,Potential generation will be updated within 24–48 hours of invoice upload due to procedural delays.
2026-05-27T08:15:00.269Z,619,25020553,2025-09-23,10,Unregistered,SHAKTI PLAST CHEM PRIVATE LIMITED,03AAICM5508J1ZI,07ABKCS4860N1ZN,,Failed,EPR Invoice not found. Last toast: Potential generation will be updated within 24–48 hours of invoice upload due to procedural delays.
2026-05-27T08:15:36.508Z,624,25020590,2025-09-24,10,Unregistered,SHAKTI PLAST CHEM PRIVATE LIMITED,03AAICM5508J1ZI,07ABKCS4860N1ZN,,Failed,EPR Invoice not found. Last toast: Potential generation will be updated within 24–48 hours of invoice upload due to procedural delays.
2026-05-27T08:16:12.869Z,630,25020638,2025-09-25,10,Unregistered,SHAKTI PLAST CHEM PRIVATE LIMITED,03AAICM5508J1ZI,07ABKCS4860N1ZN,,Failed,EPR Invoice not found. Last toast: Potential generation will be updated within 24–48 hours of invoice upload due to procedural delays.
2026-05-27T08:16:49.175Z,631,25020674,2025-09-26,10,Unregistered,SHAKTI PLAST CHEM PRIVATE LIMITED,03AAICM5508J1ZI,07ABKCS4860N1ZN,,Failed,EPR Invoice not found. Last toast: Potential generation will be updated within 24–48 hours of invoice upload due to procedural delays.
2026-05-27T08:17:25.486Z,635,25020761,2025-09-28,10,Unregistered,SHAKTI PLAST CHEM PRIVATE LIMITED,03AAICM5508J1ZI,07ABKCS4860N1ZN,,Failed,EPR Invoice not found. Last toast: Potential generation will be updated within 24–48 hours of invoice upload due to procedural delays.
2026-05-27T08:17:33.175Z,637,25020811,2025-09-29,3.1,Unregistered,RECOMMERCEX PRIVATE LIMITED,03AAICM5508J1ZI,09AANCR3594C1Z1,202605278961440,Filled,Potential generation will be updated within 24–48 hours of invoice upload due to procedural delays.
2026-05-27T08:17:41.971Z,638,25020812,2025-09-29,6,Unregistered,RECOMMERCEX PRIVATE LIMITED,03AAICM5508J1ZI,09AANCR3594C1Z1,202605278961441,Filled,Potential generation will be updated within 24–48 hours of invoice upload due to procedural delays.
2026-05-27T08:17:49.096Z,640,25070540,2025-09-29,0,Unregistered,MAGO TRADING CO.,03AAICM5508J1ZI,03AITPM3950G1Z4,,Failed,Submit disabled: some required fields still missing.
2026-05-27T08:18:25.362Z,641,25020870,2025-09-30,10,Unregistered,SHAKTI PLAST CHEM PRIVATE LIMITED,03AAICM5508J1ZI,07ABKCS4860N1ZN,,Failed,EPR Invoice not found. Last toast: Potential generation will be updated within 24–48 hours of invoice upload due to procedural delays.
2026-05-27T08:19:01.218Z,644,25020876,2025-09-30,10,Unregistered,SHAKTI PLAST CHEM PRIVATE LIMITED,03AAICM5508J1ZI,07ABKCS4860N1ZN,,Failed,EPR Invoice not found. Last toast: Potential generation will be updated within 24–48 hours of invoice upload due to procedural delays.
2026-05-27T08:19:37.551Z,647,25020897,2025-09-30,10.25,Unregistered,SHAKTI POLYMERS,03AAICM5508J1ZI,07AAGPJ3138C1Z5,,Failed,EPR Invoice not found. Last toast: Potential generation will be updated within 24–48 hours of invoice upload due to procedural delays.
2026-05-27T08:20:14.038Z,650,25020965,2025-10-02,9,Unregistered,SHAKTI PLAST CHEM PRIVATE LIMITED,03AAICM5508J1ZI,07ABKCS4860N1ZN,,Failed,EPR Invoice not found. Last toast: Potential generation will be updated within 24–48 hours of invoice upload due to procedural delays.
2026-05-27T08:20:50.693Z,654,25021017,2025-10-04,9,Unregistered,SHAKTI PLAST CHEM PRIVATE LIMITED,03AAICM5508J1ZI,07ABKCS4860N1ZN,,Failed,EPR Invoice not found. Last toast: Potential generation will be updated within 24–48 hours of invoice upload due to procedural delays.
2026-05-27T08:21:28.783Z,657,25021068,2025-10-06,15,Unregistered,SHAKTI POLYMERS,03AAICM5508J1ZI,07AAGPJ3138C1Z5,,Failed,EPR Invoice not found. Last toast: Potential generation will be updated within 24–48 hours of invoice upload due to procedural delays.
2026-05-27T08:22:05.203Z,662,25021174,2025-10-09,10,Unregistered,SHAKTI PLAST CHEM PRIVATE LIMITED,03AAICM5508J1ZI,07ABKCS4860N1ZN,,Failed,EPR Invoice not found. Last toast: Potential generation will be updated within 24–48 hours of invoice upload due to procedural delays.
2026-05-27T08:22:42.063Z,665,25021217,2025-10-10,10,Unregistered,SHAKTI PLAST CHEM PRIVATE LIMITED,03AAICM5508J1ZI,07ABKCS4860N1ZN,,Failed,EPR Invoice not found. Last toast: Potential generation will be updated within 24–48 hours of invoice upload due to procedural delays.
2026-05-27T08:23:18.215Z,668,25021224,2025-10-10,8.9,Unregistered,DALMIA TEA MARKETING P LTD,03AAICM5508J1ZI,09AABCD4494R1ZV,,Failed,EPR Invoice not found. Last toast: Potential generation will be updated within 24–48 hours of invoice upload due to procedural delays.
2026-05-27T08:23:54.860Z,670,25021247,2025-10-11,16,Unregistered,SHAKTI POLYMERS,03AAICM5508J1ZI,07AAGPJ3138C1Z5,,Failed,EPR Invoice not found. Last toast: Potential generation will be updated within 24–48 hours of invoice upload due to procedural delays.
2026-05-27T08:24:30.965Z,671,25021248,2025-10-11,10,Unregistered,PEECO POLYTECH PRIVATE LIMITED,03AAICM5508J1ZI,06AAECP9388H2ZV,,Failed,EPR Invoice not found. Last toast: Potential generation will be updated within 24–48 hours of invoice upload due to procedural delays.
2026-05-27T08:25:07.266Z,672,25021249,2025-10-11,10,Unregistered,SHAKTI PLAST CHEM PRIVATE LIMITED,03AAICM5508J1ZI,07ABKCS4860N1ZN,,Failed,EPR Invoice not found. Last toast: Potential generation will be updated within 24–48 hours of invoice upload due to procedural delays.
2026-05-27T08:25:43.458Z,678,25021279,2025-10-12,9,Unregistered,SHAKTI PLAST CHEM PRIVATE LIMITED,03AAICM5508J1ZI,07ABKCS4860N1ZN,,Failed,EPR Invoice not found. Last toast: Potential generation will be updated within 24–48 hours of invoice upload due to procedural delays.
2026-05-27T08:25:50.487Z,679,25070563,2025-10-12,10,Unregistered,J.V.TECHNOLOGIES & CO.,03AAICM5508J1ZI,03FSXPS9380B1Z3,202605278961501,Filled,Potential generation will be updated within 24–48 hours of invoice upload due to procedural delays.
2026-05-27T08:25:59.777Z,684,25021338,2025-10-14,10,Unregistered,RECOMMERCEX PRIVATE LIMITED,03AAICM5508J1ZI,09AANCR3594C1Z1,202605278961503,Filled,Potential generation will be updated within 24–48 hours of invoice upload due to procedural delays.
2026-05-27T08:26:37.491Z,685,25021339,2025-10-14,10,Unregistered,SHAKTI PLAST CHEM PRIVATE LIMITED,03AAICM5508J1ZI,07ABKCS4860N1ZN,,Failed,EPR Invoice not found. Last toast: Potential generation will be updated within 24–48 hours of invoice upload due to procedural delays.
2026-05-27T08:27:13.927Z,688,25021375,2025-10-15,10,Unregistered,SHAKTI PLAST CHEM PRIVATE LIMITED,03AAICM5508J1ZI,07ABKCS4860N1ZN,,Failed,EPR Invoice not found. Last toast: Potential generation will be updated within 24–48 hours of invoice upload due to procedural delays.
2026-05-27T08:27:50.642Z,690,25021388,2025-10-15,10,Unregistered,SHAKTI POLYMERS,03AAICM5508J1ZI,07AAGPJ3138C1Z5,,Failed,EPR Invoice not found. Last toast: Potential generation will be updated within 24–48 hours of invoice upload due to procedural delays.
2026-05-27T08:28:26.721Z,691,25021389,2025-10-15,15,Unregistered,ANAND TWINES MANUFACTURING PRIVATE LIMITED,03AAICM5508J1ZI,09AAMCA0123H1ZY,,Failed,EPR Invoice not found. Last toast: Potential generation will be updated within 24–48 hours of invoice upload due to procedural delays.
2026-05-27T08:29:03.142Z,693,25021410,2025-10-16,10,Unregistered,SHAKTI PLAST CHEM PRIVATE LIMITED,03AAICM5508J1ZI,07ABKCS4860N1ZN,,Failed,EPR Invoice not found. Last toast: Potential generation will be updated within 24–48 hours of invoice upload due to procedural delays.
2026-05-27T08:29:39.761Z,694,25021417,2025-10-16,10,Unregistered,PEECO POLYTECH PRIVATE LIMITED,03AAICM5508J1ZI,06AAECP9388H2ZV,,Failed,EPR Invoice not found. Last toast: Potential generation will be updated within 24–48 hours of invoice upload due to procedural delays.
2026-05-27T08:30:15.892Z,696,25021452,2025-10-17,9,Unregistered,SHAKTI PLAST CHEM PRIVATE LIMITED,03AAICM5508J1ZI,07ABKCS4860N1ZN,,Failed,EPR Invoice not found. Last toast: Potential generation will be updated within 24–48 hours of invoice upload due to procedural delays.
2026-05-27T08:30:52.342Z,698,25021457,2025-10-17,1,Unregistered,SHAKTI PLAST CHEM PRIVATE LIMITED,03AAICM5508J1ZI,07ABKCS4860N1ZN,,Failed,EPR Invoice not found. Last toast: Potential generation will be updated within 24–48 hours of invoice upload due to procedural delays.
2026-05-27T08:31:28.835Z,703,25021534,2025-10-22,10,Unregistered,SHAKTI PLAST CHEM PRIVATE LIMITED,03AAICM5508J1ZI,07ABKCS4860N1ZN,,Failed,EPR Invoice not found. Last toast: Potential generation will be updated within 24–48 hours of invoice upload due to procedural delays.
2026-05-27T08:32:05.223Z,706,25021548,2025-10-23,10,Unregistered,PEECO POLYTECH PRIVATE LIMITED,03AAICM5508J1ZI,06AAECP9388H2ZV,,Failed,EPR Invoice not found. Last toast: Potential generation will be updated within 24–48 hours of invoice upload due to procedural delays.
2026-05-27T08:32:12.875Z,707,25021551,2025-10-23,15,Unregistered,RECOMMERCEX PRIVATE LIMITED,03AAICM5508J1ZI,09AANCR3594C1Z1,202605278961537,Filled,Potential generation will be updated within 24–48 hours of invoice upload due to procedural delays.
2026-05-27T08:32:50.770Z,709,25021585,2025-10-24,15,Unregistered,ANAND TWINES MANUFACTURING PRIVATE LIMITED,03AAICM5508J1ZI,09AAMCA0123H1ZY,,Failed,EPR Invoice not found. Last toast: Potential generation will be updated within 24–48 hours of invoice upload due to procedural delays.
2026-05-27T08:32:57.994Z,710,25021586,2025-10-24,10,Unregistered,RECOMMERCEX PRIVATE LIMITED,03AAICM5508J1ZI,09AANCR3594C1Z1,202605278961543,Filled,Potential generation will be updated within 24–48 hours of invoice upload due to procedural delays.
2026-05-27T08:33:35.758Z,711,25021588,2025-10-24,15,Unregistered,SHAKTI POLYMERS,03AAICM5508J1ZI,07AAGPJ3138C1Z5,,Failed,EPR Invoice not found. Last toast: Potential generation will be updated within 24–48 hours of invoice upload due to procedural delays.
2026-05-27T08:34:11.699Z,714,25021629,2025-10-25,10,Unregistered,PEECO POLYTECH PRIVATE LIMITED,03AAICM5508J1ZI,06AAECP9388H2ZV,,Failed,EPR Invoice not found. Last toast: Potential generation will be updated within 24–48 hours of invoice upload due to procedural delays.
2026-05-27T08:34:47.507Z,715,25021630,2025-10-25,10,Unregistered,SHAKTI PLAST CHEM PRIVATE LIMITED,03AAICM5508J1ZI,07ABKCS4860N1ZN,,Failed,EPR Invoice not found. Last toast: Potential generation will be updated within 24–48 hours of invoice upload due to procedural delays.
2026-05-27T08:35:24.050Z,717,25021739,2025-10-28,10,Unregistered,SHAKTI PLAST CHEM PRIVATE LIMITED,03AAICM5508J1ZI,07ABKCS4860N1ZN,,Failed,EPR Invoice not found. Last toast: Potential generation will be updated within 24–48 hours of invoice upload due to procedural delays.
2026-05-27T08:35:31.664Z,719,25021743,2025-10-28,10,Unregistered,SWASTIK POLYVINYLS PVT LTD,03AAICM5508J1ZI,06AAECS4130L1ZE,202605278961563,Filled,Potential generation will be updated within 24–48 hours of invoice upload due to procedural delays.
2026-05-27T08:35:40.716Z,721,25021782,2025-10-29,15,Unregistered,U K PAINTS (INDIA) PRIVATE LIMITED,03AAICM5508J1ZI,09AAACU0057C1ZR,202605278961566,Filled,Potential generation will be updated within 24–48 hours of invoice upload due to procedural delays.
2026-05-27T08:36:18.528Z,723,25021794,2025-10-29,10,Unregistered,SHAKTI PLAST CHEM PRIVATE LIMITED,03AAICM5508J1ZI,07ABKCS4860N1ZN,,Failed,EPR Invoice not found. Last toast: Potential generation will be updated within 24–48 hours of invoice upload due to procedural delays.
2026-05-27T08:36:26.472Z,728,25021921,2025-10-31,10,Unregistered,RECOMMERCEX PRIVATE LIMITED,03AAICM5508J1ZI,09AANCR3594C1Z1,202605278961575,Filled,Potential generation will be updated within 24–48 hours of invoice upload due to procedural delays.
2026-05-27T08:37:04.450Z,731,25021926,2025-10-31,10,Unregistered,SHAKTI PLAST CHEM PRIVATE LIMITED,03AAICM5508J1ZI,07ABKCS4860N1ZN,,Failed,EPR Invoice not found. Last toast: Potential generation will be updated within 24–48 hours of invoice upload due to procedural delays.
2026-05-27T08:37:40.562Z,733,25022065,2025-11-06,15,Unregistered,SHAKTI PLAST CHEM PRIVATE LIMITED,03AAICM5508J1ZI,07ABKCS4860N1ZN,,Failed,EPR Invoice not found. Last toast: Potential generation will be updated within 24–48 hours of invoice upload due to procedural delays.
2026-05-27T08:38:16.698Z,735,25022100,2025-11-07,10,Unregistered,SHAKTI PLAST CHEM PRIVATE LIMITED,03AAICM5508J1ZI,07ABKCS4860N1ZN,,Failed,EPR Invoice not found. Last toast: Potential generation will be updated within 24–48 hours of invoice upload due to procedural delays.
2026-05-27T08:38:53.110Z,736,25022101,2025-11-07,10,Unregistered,SHAKTI PLAST CHEM PRIVATE LIMITED,03AAICM5508J1ZI,07ABKCS4860N1ZN,,Failed,EPR Invoice not found. Last toast: Potential generation will be updated within 24–48 hours of invoice upload due to procedural delays.
2026-05-27T08:39:30.135Z,740,25022136,2025-11-08,10,Unregistered,PEECO POLYTECH PRIVATE LIMITED,03AAICM5508J1ZI,06AAECP9388H2ZV,,Failed,EPR Invoice not found. Last toast: Potential generation will be updated within 24–48 hours of invoice upload due to procedural delays.
2026-05-27T08:40:06.760Z,741,25022137,2025-11-08,13.775,Unregistered,PEECO POLYTECH PRIVATE LIMITED,03AAICM5508J1ZI,06AAECP9388H2ZV,,Failed,EPR Invoice not found. Last toast: Potential generation will be updated within 24–48 hours of invoice upload due to procedural delays.
2026-05-27T08:40:43.085Z,742,25022140,2025-11-08,15,Unregistered,ANAND TWINES MANUFACTURING PRIVATE LIMITED,03AAICM5508J1ZI,09AAMCA0123H1ZY,,Failed,EPR Invoice not found. Last toast: Potential generation will be updated within 24–48 hours of invoice upload due to procedural delays.
2026-05-27T08:41:19.396Z,745,25022162,2025-11-09,15,Unregistered,SHAKTI PLAST CHEM PRIVATE LIMITED,03AAICM5508J1ZI,07ABKCS4860N1ZN,,Failed,EPR Invoice not found. Last toast: Potential generation will be updated within 24–48 hours of invoice upload due to procedural delays.
2026-05-27T08:41:55.935Z,749,25022198,2025-11-10,12,Unregistered,SHAKTI PLAST CHEM PRIVATE LIMITED,03AAICM5508J1ZI,07ABKCS4860N1ZN,,Failed,EPR Invoice not found. Last toast: Potential generation will be updated within 24–48 hours of invoice upload due to procedural delays.
2026-05-27T08:42:32.506Z,750,25022212,2025-11-10,10,Unregistered,SHAKTI PLAST CHEM PRIVATE LIMITED,03AAICM5508J1ZI,07ABKCS4860N1ZN,,Failed,EPR Invoice not found. Last toast: Potential generation will be updated within 24–48 hours of invoice upload due to procedural delays.
2026-05-27T08:43:09.703Z,756,25022282,2025-11-13,10,Unregistered,PEECO POLYTECH PRIVATE LIMITED,03AAICM5508J1ZI,06AAECP9388H2ZV,,Failed,EPR Invoice not found. Last toast: Potential generation will be updated within 24–48 hours of invoice upload due to procedural delays.
2026-05-27T08:43:46.423Z,757,25022283,2025-11-13,10,Unregistered,SHAKTI PLAST CHEM PRIVATE LIMITED,03AAICM5508J1ZI,07ABKCS4860N1ZN,,Failed,EPR Invoice not found. Last toast: Potential generation will be updated within 24–48 hours of invoice upload due to procedural delays.
2026-05-27T08:43:53.669Z,760,25022314,2025-11-14,10,Unregistered,RECOMMERCEX PRIVATE LIMITED,03AAICM5508J1ZI,09AANCR3594C1Z1,202605278961640,Filled,Potential generation will be updated within 24–48 hours of invoice upload due to procedural delays.
2026-05-27T08:44:31.721Z,762,25022391,2025-11-16,10,Unregistered,SHAKTI PLAST CHEM PRIVATE LIMITED,03AAICM5508J1ZI,07ABKCS4860N1ZN,,Failed,EPR Invoice not found. Last toast: Potential generation will be updated within 24–48 hours of invoice upload due to procedural delays.
2026-05-27T08:45:07.869Z,766,25022431,2025-11-17,10,Unregistered,PEECO POLYTECH PRIVATE LIMITED,03AAICM5508J1ZI,06AAECP9388H2ZV,,Failed,EPR Invoice not found. Last toast: Potential generation will be updated within 24–48 hours of invoice upload due to procedural delays.
2026-05-27T08:45:44.012Z,767,25022465,2025-11-18,15,Unregistered,SHAKTI POLYMERS,03AAICM5508J1ZI,07AAGPJ3138C1Z5,,Failed,EPR Invoice not found. Last toast: Potential generation will be updated within 24–48 hours of invoice upload due to procedural delays.
2026-05-27T08:45:51.188Z,769,25022467,2025-11-18,15,Unregistered,RECOMMERCEX PRIVATE LIMITED,03AAICM5508J1ZI,09AANCR3594C1Z1,202605278961656,Filled,Potential generation will be updated within 24–48 hours of invoice upload due to procedural delays.
2026-05-27T08:46:30.384Z,771,25022476,2025-11-18,10,Unregistered,SHAKTI PLAST CHEM PRIVATE LIMITED,03AAICM5508J1ZI,07ABKCS4860N1ZN,,Failed,EPR Invoice not found. Last toast: Potential generation will be updated within 24–48 hours of invoice upload due to procedural delays.
2026-05-27T08:47:06.898Z,773,25022508,2025-11-19,10,Unregistered,DALMIA TEA MARKETING P LTD,03AAICM5508J1ZI,09AABCD4494R1ZV,,Failed,EPR Invoice not found. Last toast: Potential generation will be updated within 24–48 hours of invoice upload due to procedural delays.
2026-05-27T08:47:43.954Z,774,25022509,2025-11-19,15,Unregistered,ANAND TWINES MANUFACTURING PRIVATE LIMITED,03AAICM5508J1ZI,09AAMCA0123H1ZY,,Failed,EPR Invoice not found. Last toast: Potential generation will be updated within 24–48 hours of invoice upload due to procedural delays.
2026-05-27T08:47:48.192Z,776,25022524,2025-11-19,9,Unregistered,SHAKTI PLAST CHEM PRIVATE LIMITED,03AAICM5508J1ZI,07ABKCS4860N1ZN,,Failed,cat2 checkbox not checked
2026-05-27T08:47:54.251Z,779,25022607,2025-11-21,15.1,Unregistered,RECOMMERCEX PRIVATE LIMITED,03AAICM5508J1ZI,09AANCR3594C1Z1,202605278961667,Filled,Potential generation will be updated within 24–48 hours of invoice upload due to procedural delays.
2026-05-27T08:48:32.183Z,780,25022636,2025-11-22,9,Unregistered,SHAKTI PLAST CHEM PRIVATE LIMITED,03AAICM5508J1ZI,07ABKCS4860N1ZN,,Failed,EPR Invoice not found. Last toast: Potential generation will be updated within 24–48 hours of invoice upload due to procedural delays.
2026-05-27T08:49:08.622Z,783,25022747,2025-11-25,9,Unregistered,SHAKTI PLAST CHEM PRIVATE LIMITED,03AAICM5508J1ZI,07ABKCS4860N1ZN,,Failed,EPR Invoice not found. Last toast: Potential generation will be updated within 24–48 hours of invoice upload due to procedural delays.
2026-05-27T08:49:15.728Z,784,25022748,2025-11-25,15,Unregistered,RECOMMERCEX PRIVATE LIMITED,03AAICM5508J1ZI,09AANCR3594C1Z1,202605278961678,Filled,Potential generation will be updated within 24–48 hours of invoice upload due to procedural delays.
2026-05-27T08:49:53.748Z,787,25022783,2025-11-26,10,Unregistered,SHAKTI PLAST CHEM PRIVATE LIMITED,03AAICM5508J1ZI,07ABKCS4860N1ZN,,Failed,EPR Invoice not found. Last toast: Potential generation will be updated within 24–48 hours of invoice upload due to procedural delays.
2026-05-27T08:50:30.409Z,790,25022790,2025-11-26,0.025,Unregistered,REKART INNOVATIONS PVT. LTD.,03AAICM5508J1ZI,06AAHCR3634H1ZE,,Failed,EPR Invoice not found. Last toast: Potential generation will be updated within 24–48 hours of invoice upload due to procedural delays.
2026-05-27T08:51:07.512Z,792,25022801,2025-11-26,10,Unregistered,SHAKTI PLAST CHEM PRIVATE LIMITED,03AAICM5508J1ZI,07ABKCS4860N1ZN,,Failed,EPR Invoice not found. Last toast: Potential generation will be updated within 24–48 hours of invoice upload due to procedural delays.
2026-05-27T08:51:18.341Z,794,25070623,2025-11-09,5,Unregistered,POLOPLAST INDUSTRIES,03AAICM5508J1ZI,03DZCPA7285P1Z1,202605278961695,Filled,Potential generation will be updated within 24–48 hours of invoice upload due to procedural delays.
2026-05-27T08:51:56.153Z,799,25070649,2025-11-20,10,Unregistered,ESPERANZA GLOBAL ECO SOLUTIONS PRIVATE LIMITED,03AAICM5508J1ZI,03AAFCE1905N1ZS,,Failed,EPR Invoice not found. Last toast: Potential generation will be updated within 24–48 hours of invoice upload due to procedural delays.
2026-05-27T08:52:32.622Z,800,25070650,2025-11-20,15,Unregistered,ESPERANZA GLOBAL ECO SOLUTIONS PRIVATE LIMITED,03AAICM5508J1ZI,03AAFCE1905N1ZS,,Failed,EPR Invoice not found. Last toast: Potential generation will be updated within 24–48 hours of invoice upload due to procedural delays.
2026-05-27T08:53:09.117Z,807,25022844,2025-11-27,12.825,Unregistered,SHAKTI POLYMERS,03AAICM5508J1ZI,07AAGPJ3138C1Z5,,Failed,EPR Invoice not found. Last toast: Potential generation will be updated within 24–48 hours of invoice upload due to procedural delays.
2026-05-27T08:53:48.996Z,808,25022878,2025-11-28,10,Unregistered,SHAKTI PLAST CHEM PRIVATE LIMITED,03AAICM5508J1ZI,07ABKCS4860N1ZN,,Failed,EPR Invoice not found. Last toast: Potential generation will be updated within 24–48 hours of invoice upload due to procedural delays.
2026-05-27T08:53:58.249Z,811,25022963,2025-11-30,15,Unregistered,RECOMMERCEX PRIVATE LIMITED,03AAICM5508J1ZI,09AANCR3594C1Z1,202605278961716,Filled,Potential generation will be updated within 24–48 hours of invoice upload due to procedural delays.
2026-05-27T08:54:36.246Z,814,25022969,2025-11-30,15,Unregistered,ANAND TWINES MANUFACTURING PRIVATE LIMITED,03AAICM5508J1ZI,09AAMCA0123H1ZY,,Failed,EPR Invoice not found. Last toast: Potential generation will be updated within 24–48 hours of invoice upload due to procedural delays.
2026-05-27T08:55:12.819Z,815,25022970,2025-11-30,10,Unregistered,PEECO POLYTECH PRIVATE LIMITED,03AAICM5508J1ZI,06AAECP9388H2ZV,,Failed,EPR Invoice not found. Last toast: Potential generation will be updated within 24–48 hours of invoice upload due to procedural delays.
2026-05-27T08:55:48.924Z,818,25023100,2025-12-04,9,Unregistered,SHAKTI PLAST CHEM PRIVATE LIMITED,03AAICM5508J1ZI,07ABKCS4860N1ZN,,Failed,EPR Invoice not found. Last toast: Potential generation will be updated within 24–48 hours of invoice upload due to procedural delays.
2026-05-27T08:55:57.038Z,820,25070688,2025-12-05,10,Unregistered,J.V.TECHNOLOGIES & CO.,03AAICM5508J1ZI,03FSXPS9380B1Z3,202605278961730,Filled,Potential generation will be updated within 24–48 hours of invoice upload due to procedural delays.
2026-05-27T08:56:35.640Z,823,25023173,2025-12-06,10,Unregistered,PEECO POLYTECH PRIVATE LIMITED,03AAICM5508J1ZI,06AAECP9388H2ZV,,Failed,EPR Invoice not found. Last toast: Potential generation will be updated within 24–48 hours of invoice upload due to procedural delays.
2026-05-27T08:57:12.171Z,826,25023222,2025-12-08,10,Unregistered,SHAKTI PLAST CHEM PRIVATE LIMITED,03AAICM5508J1ZI,07ABKCS4860N1ZN,,Failed,EPR Invoice not found. Last toast: Potential generation will be updated within 24–48 hours of invoice upload due to procedural delays.
2026-05-27T08:57:49.907Z,829,25023286,2025-12-10,10.325,Unregistered,DALMIA TEA MARKETING P LTD,03AAICM5508J1ZI,09AABCD4494R1ZV,,Failed,EPR Invoice not found. Last toast: Potential generation will be updated within 24–48 hours of invoice upload due to procedural delays.
2026-05-27T08:58:00.128Z,830,25023296,2025-12-10,10,Unregistered,SWASTIK POLYVINYLS PVT LTD,03AAICM5508J1ZI,06AAECS4130L1ZE,202605278961741,Filled,Potential generation will be updated within 24–48 hours of invoice upload due to procedural delays.
2026-05-27T08:58:09.590Z,831,25070703,2025-12-10,15,Unregistered,J.V.TECHNOLOGIES & CO.,03AAICM5508J1ZI,03FSXPS9380B1Z3,202605278961743,Filled,Potential generation will be updated within 24–48 hours of invoice upload due to procedural delays.
2026-05-27T08:58:47.608Z,832,25023331,2025-12-11,10,Unregistered,PEECO POLYTECH PRIVATE LIMITED,03AAICM5508J1ZI,06AAECP9388H2ZV,,Failed,EPR Invoice not found. Last toast: Potential generation will be updated within 24–48 hours of invoice upload due to procedural delays.
2026-05-27T08:59:24.164Z,833,25023340,2025-12-11,10,Unregistered,SHAKTI POLYMERS,03AAICM5508J1ZI,07AAGPJ3138C1Z5,,Failed,EPR Invoice not found. Last toast: Potential generation will be updated within 24–48 hours of invoice upload due to procedural delays.
2026-05-27T09:00:01.274Z,834,25023341,2025-12-11,5.675,Unregistered,SHAKTI POLYMERS,03AAICM5508J1ZI,07AAGPJ3138C1Z5,,Failed,EPR Invoice not found. Last toast: Potential generation will be updated within 24–48 hours of invoice upload due to procedural delays.
2026-05-27T09:00:37.858Z,836,25023365,2025-12-12,9,Unregistered,SHAKTI PLAST CHEM PRIVATE LIMITED,03AAICM5508J1ZI,07ABKCS4860N1ZN,,Failed,EPR Invoice not found. Last toast: Potential generation will be updated within 24–48 hours of invoice upload due to procedural delays.
2026-05-27T09:00:46.791Z,838,25023368,2025-12-12,15,Unregistered,SHREE BALAJI INDUSTRIES,03AAICM5508J1ZI,07DCBPB3986C1ZV,202605278961766,Filled,Potential generation will be updated within 24–48 hours of invoice upload due to procedural delays.
2026-05-27T09:00:56.950Z,841,25023437,2025-12-15,7,Unregistered,POLOPLAST INDUSTRIES,03AAICM5508J1ZI,03DZCPA7285P1Z1,202605278961768,Filled,Potential generation will be updated within 24–48 hours of invoice upload due to procedural delays.
2026-05-27T09:01:06.238Z,844,25023473,2025-12-16,15,Unregistered,RECOMMERCEX PRIVATE LIMITED,03AAICM5508J1ZI,09AANCR3594C1Z1,202605278961771,Filled,Potential generation will be updated within 24–48 hours of invoice upload due to procedural delays.
2026-05-27T09:01:44.201Z,846,25023484,2025-12-16,9,Unregistered,SHAKTI PLAST CHEM PRIVATE LIMITED,03AAICM5508J1ZI,07ABKCS4860N1ZN,,Failed,EPR Invoice not found. Last toast: Potential generation will be updated within 24–48 hours of invoice upload due to procedural delays.
2026-05-27T09:01:52.161Z,850,25023517,2025-12-17,15,Unregistered,RECOMMERCEX PRIVATE LIMITED,03AAICM5508J1ZI,09AANCR3594C1Z1,202605278961782,Filled,Potential generation will be updated within 24–48 hours of invoice upload due to procedural delays.
2026-05-27T09:02:01.319Z,851,25023518,2025-12-17,10,Unregistered,RECOMMERCEX PRIVATE LIMITED,03AAICM5508J1ZI,09AANCR3594C1Z1,202605278961783,Filled,Potential generation will be updated within 24–48 hours of invoice upload due to procedural delays.
2026-05-27T09:02:11.880Z,852,25023563,2025-12-18,15,Unregistered,RECOMMERCEX PRIVATE LIMITED,03AAICM5508J1ZI,09AANCR3594C1Z1,202605278961784,Filled,Potential generation will be updated within 24–48 hours of invoice upload due to procedural delays.
2026-05-27T09:02:51.256Z,854,25023565,2025-12-18,15,Unregistered,ANAND TWINES MANUFACTURING PRIVATE LIMITED,03AAICM5508J1ZI,09AAMCA0123H1ZY,,Failed,EPR Invoice not found. Last toast: Potential generation will be updated within 24–48 hours of invoice upload due to procedural delays.
2026-05-27T09:03:27.958Z,855,25023566,2025-12-18,8.1,Unregistered,SHAKTI PLAST CHEM PRIVATE LIMITED,03AAICM5508J1ZI,07ABKCS4860N1ZN,,Failed,EPR Invoice not found. Last toast: Potential generation will be updated within 24–48 hours of invoice upload due to procedural delays.
2026-05-27T09:04:04.113Z,856,25023570,2025-12-18,0.9,Unregistered,SHAKTI PLAST CHEM PRIVATE LIMITED,03AAICM5508J1ZI,07ABKCS4860N1ZN,,Failed,EPR Invoice not found. Last toast: Potential generation will be updated within 24–48 hours of invoice upload due to procedural delays.
2026-05-27T09:04:09.917Z,857,25070736,2025-12-18,0,Unregistered,KHURANA HI TECH PLASTICS,03AAICM5508J1ZI,03AALFK7750J1Z3,,Failed,Submit disabled: some required fields still missing.
2026-05-27T09:04:46.624Z,862,25023636,2025-12-21,9,Unregistered,SHAKTI PLAST CHEM PRIVATE LIMITED,03AAICM5508J1ZI,07ABKCS4860N1ZN,,Failed,EPR Invoice not found. Last toast: Potential generation will be updated within 24–48 hours of invoice upload due to procedural delays.
2026-05-27T09:04:54.503Z,865,25023693,2025-12-23,15,Unregistered,RECOMMERCEX PRIVATE LIMITED,03AAICM5508J1ZI,09AANCR3594C1Z1,202605278961806,Filled,Potential generation will be updated within 24–48 hours of invoice upload due to procedural delays.
2026-05-27T09:05:32.658Z,866,25023694,2025-12-23,16.625,Unregistered,SHAKTI POLYMERS,03AAICM5508J1ZI,07AAGPJ3138C1Z5,,Failed,EPR Invoice not found. Last toast: Potential generation will be updated within 24–48 hours of invoice upload due to procedural delays.
2026-05-27T09:06:09.307Z,868,25023730,2025-12-24,15,Unregistered,PEECO POLYTECH PRIVATE LIMITED,03AAICM5508J1ZI,06AAECP9388H2ZV,,Failed,EPR Invoice not found. Last toast: Potential generation will be updated within 24–48 hours of invoice upload due to procedural delays.
2026-05-27T09:06:45.446Z,870,25023759,2025-12-25,10,Unregistered,PEECO POLYTECH PRIVATE LIMITED,03AAICM5508J1ZI,06AAECP9388H2ZV,,Failed,EPR Invoice not found. Last toast: Potential generation will be updated within 24–48 hours of invoice upload due to procedural delays.
2026-05-27T09:07:21.916Z,871,25023760,2025-12-25,9,Unregistered,SHAKTI PLAST CHEM PRIVATE LIMITED,03AAICM5508J1ZI,07ABKCS4860N1ZN,,Failed,EPR Invoice not found. Last toast: Potential generation will be updated within 24–48 hours of invoice upload due to procedural delays.
2026-05-27T09:07:30.589Z,873,25023800,2025-12-26,15,Unregistered,RECOMMERCEX PRIVATE LIMITED,03AAICM5508J1ZI,09AANCR3594C1Z1,202605278961832,Filled,Potential generation will be updated within 24–48 hours of invoice upload due to procedural delays.
2026-05-27T09:08:09.401Z,876,25023904,2025-12-28,10.95,Unregistered,DALMIA TEA MARKETING P LTD,03AAICM5508J1ZI,09AABCD4494R1ZV,,Failed,EPR Invoice not found. Last toast: Potential generation will be updated within 24–48 hours of invoice upload due to procedural delays.
2026-05-27T09:08:45.798Z,878,25023979,2025-12-30,15,Unregistered,PEECO POLYTECH PRIVATE LIMITED,03AAICM5508J1ZI,06AAECP9388H2ZV,,Failed,EPR Invoice not found. Last toast: Potential generation will be updated within 24–48 hours of invoice upload due to procedural delays.
2026-05-27T09:09:22.482Z,879,25023980,2025-12-30,10,Unregistered,SHAKTI PLAST CHEM PRIVATE LIMITED,03AAICM5508J1ZI,07ABKCS4860N1ZN,,Failed,EPR Invoice not found. Last toast: Potential generation will be updated within 24–48 hours of invoice upload due to procedural delays.
2026-05-27T09:10:00.070Z,880,25024044,2025-12-31,15.6,Unregistered,DALMIA TEA MARKETING P LTD,03AAICM5508J1ZI,09AABCD4494R1ZV,,Failed,EPR Invoice not found. Last toast: Potential generation will be updated within 24–48 hours of invoice upload due to procedural delays.
2026-05-27T09:10:36.162Z,883,25024052,2025-12-31,12,Unregistered,SHAKTI PLAST CHEM PRIVATE LIMITED,03AAICM5508J1ZI,07ABKCS4860N1ZN,,Failed,EPR Invoice not found. Last toast: Potential generation will be updated within 24–48 hours of invoice upload due to procedural delays.
2026-05-27T09:11:12.631Z,885,25024184,2026-01-04,10,Unregistered,SHAKTI PLAST CHEM PRIVATE LIMITED,03AAICM5508J1ZI,07ABKCS4860N1ZN,,Failed,EPR Invoice not found. Last toast: Potential generation will be updated within 24–48 hours of invoice upload due to procedural delays.
2026-05-27T09:11:49.077Z,888,25024216,2026-01-05,10,Unregistered,SHAKTI PLAST CHEM PRIVATE LIMITED,03AAICM5508J1ZI,07ABKCS4860N1ZN,,Failed,EPR Invoice not found. Last toast: Potential generation will be updated within 24–48 hours of invoice upload due to procedural delays.
2026-05-27T09:11:57.008Z,891,25024358,2026-01-09,15,Unregistered,RECOMMERCEX PRIVATE LIMITED,03AAICM5508J1ZI,09AANCR3594C1Z1,202605278961865,Filled,Potential generation will be updated within 24–48 hours of invoice upload due to procedural delays.
2026-05-27T09:12:34.936Z,893,25024360,2026-01-09,10,Unregistered,SHAKTI PLAST CHEM PRIVATE LIMITED,03AAICM5508J1ZI,07ABKCS4860N1ZN,,Failed,EPR Invoice not found. Last toast: Potential generation will be updated within 24–48 hours of invoice upload due to procedural delays.
2026-05-27T09:12:42.094Z,895,25024366,2026-01-09,15,Unregistered,RECOMMERCEX PRIVATE LIMITED,03AAICM5508J1ZI,09AANCR3594C1Z1,202605278961875,Filled,Potential generation will be updated within 24–48 hours of invoice upload due to procedural delays.
2026-05-27T09:13:20.192Z,899,25024448,2026-01-12,10,Unregistered,SHAKTI PLAST CHEM PRIVATE LIMITED,03AAICM5508J1ZI,07ABKCS4860N1ZN,,Failed,EPR Invoice not found. Last toast: Potential generation will be updated within 24–48 hours of invoice upload due to procedural delays.
2026-05-27T09:13:27.840Z,901,25024479,2026-01-13,15,Unregistered,RECOMMERCEX PRIVATE LIMITED,03AAICM5508J1ZI,09AANCR3594C1Z1,202605278961881,Filled,Potential generation will be updated within 24–48 hours of invoice upload due to procedural delays.
2026-05-27T09:14:05.868Z,902,25024495,2026-01-14,15,Unregistered,PEECO POLYTECH PRIVATE LIMITED,03AAICM5508J1ZI,06AAECP9388H2ZV,,Failed,EPR Invoice not found. Last toast: Potential generation will be updated within 24–48 hours of invoice upload due to procedural delays.
2026-05-27T09:14:43.581Z,905,25024545,2026-01-15,9.075,Unregistered,SHAKTI PLAST CHEM PRIVATE LIMITED,03AAICM5508J1ZI,07ABKCS4860N1ZN,,Failed,EPR Invoice not found. Last toast: Potential generation will be updated within 24–48 hours of invoice upload due to procedural delays.
2026-05-27T09:15:20.029Z,908,25024564,2026-01-16,9,Unregistered,SHAKTI PLAST CHEM PRIVATE LIMITED,03AAICM5508J1ZI,07ABKCS4860N1ZN,,Failed,EPR Invoice not found. Last toast: Potential generation will be updated within 24–48 hours of invoice upload due to procedural delays.
2026-05-27T09:15:28.255Z,912,25024652,2026-01-19,15,Unregistered,RECOMMERCEX PRIVATE LIMITED,03AAICM5508J1ZI,09AANCR3594C1Z1,202605278961902,Filled,Potential generation will be updated within 24–48 hours of invoice upload due to procedural delays.
2026-05-27T09:16:06.131Z,914,25024657,2026-01-19,15,Unregistered,SHAKTI POLYMERS,03AAICM5508J1ZI,07AAGPJ3138C1Z5,,Failed,EPR Invoice not found. Last toast: Potential generation will be updated within 24–48 hours of invoice upload due to procedural delays.
2026-05-27T09:16:42.644Z,917,25024682,2026-01-20,10,Unregistered,SHAKTI PLAST CHEM PRIVATE LIMITED,03AAICM5508J1ZI,07ABKCS4860N1ZN,,Failed,EPR Invoice not found. Last toast: Potential generation will be updated within 24–48 hours of invoice upload due to procedural delays.
2026-05-27T09:16:50.390Z,920,25024686,2026-01-20,10,Unregistered,SWASTIK POLYVINYLS PVT LTD,03AAICM5508J1ZI,06AAECS4130L1ZE,202605278961914,Filled,Potential generation will be updated within 24–48 hours of invoice upload due to procedural delays.
2026-05-27T09:17:28.329Z,923,25024689,2026-01-20,10,Unregistered,SHAKTI PLAST CHEM PRIVATE LIMITED,03AAICM5508J1ZI,07ABKCS4860N1ZN,,Failed,EPR Invoice not found. Last toast: Potential generation will be updated within 24–48 hours of invoice upload due to procedural delays.
2026-05-27T09:18:04.902Z,925,25024759,2026-01-22,10,Unregistered,SHAKTI PLAST CHEM PRIVATE LIMITED,03AAICM5508J1ZI,07ABKCS4860N1ZN,,Failed,EPR Invoice not found. Last toast: Potential generation will be updated within 24–48 hours of invoice upload due to procedural delays.
2026-05-27T09:18:41.434Z,930,25024797,2026-01-23,15,Unregistered,SHAKTI POLYMERS,03AAICM5508J1ZI,07AAGPJ3138C1Z5,,Failed,EPR Invoice not found. Last toast: Potential generation will be updated within 24–48 hours of invoice upload due to procedural delays.
2026-05-27T09:19:18.011Z,931,25024798,2026-01-23,15,Unregistered,ANAND TWINES MANUFACTURING PRIVATE LIMITED,03AAICM5508J1ZI,09AAMCA0123H1ZY,,Failed,EPR Invoice not found. Last toast: Potential generation will be updated within 24–48 hours of invoice upload due to procedural delays.
2026-05-27T09:20:00.233Z,935,25024854,2026-01-25,9,Unregistered,SHAKTI PLAST CHEM PRIVATE LIMITED,03AAICM5508J1ZI,07ABKCS4860N1ZN,,Failed,EPR Invoice not found. Last toast: Potential generation will be updated within 24–48 hours of invoice upload due to procedural delays.
2026-05-27T09:20:07.873Z,938,25024884,2026-01-26,9,Unregistered,SHIVAM POLYMERS,03AAICM5508J1ZI,07AALPG2162N1ZI,202605278961962,Filled,Potential generation will be updated within 24–48 hours of invoice upload due to procedural delays.
2026-05-27T09:20:45.720Z,939,25024885,2026-01-26,10,Unregistered,SHAKTI PLAST CHEM PRIVATE LIMITED,03AAICM5508J1ZI,07ABKCS4860N1ZN,,Failed,EPR Invoice not found. Last toast: Potential generation will be updated within 24–48 hours of invoice upload due to procedural delays.
2026-05-27T09:20:55.376Z,941,25024931,2026-01-27,10,Unregistered,SWASTIK POLYVINYLS PVT LTD,03AAICM5508J1ZI,06AAECS4130L1ZE,202605278962046,Filled,Potential generation will be updated within 24–48 hours of invoice upload due to procedural delays.
2026-05-27T09:21:33.963Z,942,25024982,2026-01-28,10,Unregistered,PEECO POLYTECH PRIVATE LIMITED,03AAICM5508J1ZI,06AAECP9388H2ZV,,Failed,EPR Invoice not found. Last toast: Potential generation will be updated within 24–48 hours of invoice upload due to procedural delays.
2026-05-27T09:22:10.383Z,943,25024983,2026-01-28,9,Unregistered,SHAKTI PLAST CHEM PRIVATE LIMITED,03AAICM5508J1ZI,07ABKCS4860N1ZN,,Failed,EPR Invoice not found. Last toast: Potential generation will be updated within 24–48 hours of invoice upload due to procedural delays.
2026-05-27T09:22:18.136Z,948,25025021,2026-01-29,9,Unregistered,RECOMMERCEX PRIVATE LIMITED,03AAICM5508J1ZI,09AANCR3594C1Z1,202605278962206,Filled,Potential generation will be updated within 24–48 hours of invoice upload due to procedural delays.
2026-05-27T09:22:27.269Z,949,25025022,2026-01-29,11.7,Unregistered,RECOMMERCEX PRIVATE LIMITED,03AAICM5508J1ZI,09AANCR3594C1Z1,202605278962209,Filled,Potential generation will be updated within 24–48 hours of invoice upload due to procedural delays.
2026-05-27T09:22:36.412Z,950,25025024,2026-01-29,3.3,Unregistered,RECOMMERCEX PRIVATE LIMITED,03AAICM5508J1ZI,09AANCR3594C1Z1,202605278962212,Filled,Potential generation will be updated within 24–48 hours of invoice upload due to procedural delays.
2026-05-27T09:23:14.583Z,951,25025032,2026-01-29,10.1,Unregistered,SHAKTI PLAST CHEM PRIVATE LIMITED,03AAICM5508J1ZI,07ABKCS4860N1ZN,,Failed,EPR Invoice not found. Last toast: Potential generation will be updated within 24–48 hours of invoice upload due to procedural delays.
2026-05-27T09:23:22.529Z,953,25025034,2026-01-29,15,Unregistered,RECOMMERCEX PRIVATE LIMITED,03AAICM5508J1ZI,09AANCR3594C1Z1,202605278962269,Filled,Potential generation will be updated within 24–48 hours of invoice upload due to procedural delays.
2026-05-27T09:24:00.423Z,955,25025085,2026-01-30,10,Unregistered,SHAKTI PLAST CHEM PRIVATE LIMITED,03AAICM5508J1ZI,07ABKCS4860N1ZN,,Failed,EPR Invoice not found. Last toast: Potential generation will be updated within 24–48 hours of invoice upload due to procedural delays.
2026-05-27T09:24:36.583Z,958,25025089,2026-01-30,15,Unregistered,ANAND TWINES MANUFACTURING PRIVATE LIMITED,03AAICM5508J1ZI,09AAMCA0123H1ZY,,Failed,EPR Invoice not found. Last toast: Potential generation will be updated within 24–48 hours of invoice upload due to procedural delays.
2026-05-27T09:25:13.285Z,959,25025092,2026-01-30,15,Unregistered,SHAKTI POLYMERS,03AAICM5508J1ZI,07AAGPJ3138C1Z5,,Failed,EPR Invoice not found. Last toast: Potential generation will be updated within 24–48 hours of invoice upload due to procedural delays.
2026-05-27T09:25:49.941Z,960,25025147,2026-01-31,15,Unregistered,PEECO POLYTECH PRIVATE LIMITED.,03AAICM5508J1ZI,07AAECP9388H1ZU,,Failed,EPR Invoice not found. Last toast: Potential generation will be updated within 24–48 hours of invoice upload due to procedural delays.
2026-05-27T09:26:26.712Z,963,25025160,2026-01-31,9.275,Unregistered,SHAKTI PLAST CHEM PRIVATE LIMITED,03AAICM5508J1ZI,07ABKCS4860N1ZN,,Failed,EPR Invoice not found. Last toast: Potential generation will be updated within 24–48 hours of invoice upload due to procedural delays.
2026-05-27T09:27:03.554Z,967,25025269,2026-02-04,9,Unregistered,SHAKTI PLAST CHEM PRIVATE LIMITED,03AAICM5508J1ZI,07ABKCS4860N1ZN,,Failed,EPR Invoice not found. Last toast: Potential generation will be updated within 24–48 hours of invoice upload due to procedural delays.
2026-05-27T09:27:40.029Z,970,25025306,2026-02-05,15,Unregistered,SHAKTI POLYMERS,03AAICM5508J1ZI,07AAGPJ3138C1Z5,,Failed,EPR Invoice not found. Last toast: Potential generation will be updated within 24–48 hours of invoice upload due to procedural delays.
2026-05-27T09:28:15.948Z,972,25025329,2026-02-06,9,Unregistered,SHAKTI PLAST CHEM PRIVATE LIMITED,03AAICM5508J1ZI,07ABKCS4860N1ZN,,Failed,EPR Invoice not found. Last toast: Potential generation will be updated within 24–48 hours of invoice upload due to procedural delays.
2026-05-27T09:28:23.884Z,974,25025348,2026-02-06,15,Unregistered,RECOMMERCEX PRIVATE LIMITED,03AAICM5508J1ZI,09AANCR3594C1Z1,202605278962837,Filled,Potential generation will be updated within 24–48 hours of invoice upload due to procedural delays.
2026-05-27T09:28:31.061Z,978,25025444,2026-02-09,0,Unregistered,PEECO POLYTECH PRIVATE LIMITED,03AAICM5508J1ZI,06AAECP9388H2ZV,,Failed,Submit disabled: some required fields still missing.
2026-05-27T09:29:07.119Z,979,25025456,2026-02-10,9,Unregistered,SHAKTI PLAST CHEM PRIVATE LIMITED,03AAICM5508J1ZI,07ABKCS4860N1ZN,,Failed,EPR Invoice not found. Last toast: Potential generation will be updated within 24–48 hours of invoice upload due to procedural delays.
2026-05-27T09:29:43.549Z,982,25025466,2026-02-10,15,Unregistered,PEECO POLYTECH PRIVATE LIMITED.,03AAICM5508J1ZI,07AAECP9388H1ZU,,Failed,EPR Invoice not found. Last toast: Potential generation will be updated within 24–48 hours of invoice upload due to procedural delays.
2026-05-27T09:30:20.070Z,984,25025515,2026-02-11,10,Unregistered,PEECO POLYTECH PRIVATE LIMITED,03AAICM5508J1ZI,06AAECP9388H2ZV,,Failed,EPR Invoice not found. Last toast: Potential generation will be updated within 24–48 hours of invoice upload due to procedural delays.
2026-05-27T09:30:27.781Z,985,25025516,2026-02-11,15,Unregistered,RECOMMERCEX PRIVATE LIMITED,03AAICM5508J1ZI,09AANCR3594C1Z1,202605278963061,Filled,Potential generation will be updated within 24–48 hours of invoice upload due to procedural delays.
2026-05-27T09:31:05.645Z,987,25025518,2026-02-11,15,Unregistered,SHAKTI POLYMERS,03AAICM5508J1ZI,07AAGPJ3138C1Z5,,Failed,EPR Invoice not found. Last toast: Potential generation will be updated within 24–48 hours of invoice upload due to procedural delays.
2026-05-27T09:31:11.339Z,991,25025555,2026-02-12,0,Unregistered,SHAKTI PLASTIC INDUSTRIES,03AAICM5508J1ZI,07AAEPA7021R1ZN,,Failed,Submit disabled: some required fields still missing.
2026-05-27T09:31:47.736Z,992,25025577,2026-02-13,10,Unregistered,PEECO POLYTECH PRIVATE LIMITED,03AAICM5508J1ZI,06AAECP9388H2ZV,,Failed,EPR Invoice not found. Last toast: Potential generation will be updated within 24–48 hours of invoice upload due to procedural delays.
2026-05-27T09:32:24.470Z,993,25025578,2026-02-13,9,Unregistered,SHAKTI PLAST CHEM PRIVATE LIMITED,03AAICM5508J1ZI,07ABKCS4860N1ZN,,Failed,EPR Invoice not found. Last toast: Potential generation will be updated within 24–48 hours of invoice upload due to procedural delays.
2026-05-27T09:33:00.944Z,994,25025586,2026-02-13,15,Unregistered,ANAND TWINES MANUFACTURING PRIVATE LIMITED,03AAICM5508J1ZI,09AAMCA0123H1ZY,,Failed,EPR Invoice not found. Last toast: Potential generation will be updated within 24–48 hours of invoice upload due to procedural delays.
2026-05-27T09:33:38.197Z,997,25025680,2026-02-16,15,Unregistered,SHAKTI POLYMERS,03AAICM5508J1ZI,07AAGPJ3138C1Z5,,Failed,EPR Invoice not found. Last toast: Potential generation will be updated within 24–48 hours of invoice upload due to procedural delays.
2026-05-27T09:34:14.671Z,1001,25025711,2026-02-17,10,Unregistered,SHAKTI PLAST CHEM PRIVATE LIMITED,03AAICM5508J1ZI,07ABKCS4860N1ZN,,Failed,EPR Invoice not found. Last toast: Potential generation will be updated within 24–48 hours of invoice upload due to procedural delays.
2026-05-27T09:34:51.709Z,1004,25025757,2026-02-18,15.575,Unregistered,SHAKTI POLYMERS,03AAICM5508J1ZI,07AAGPJ3138C1Z5,,Failed,EPR Invoice not found. Last toast: Potential generation will be updated within 24–48 hours of invoice upload due to procedural delays.
2026-05-27T09:35:00.363Z,1005,25025759,2026-02-18,9,Unregistered,SHREE BALAJI INDUSTRIES,03AAICM5508J1ZI,07DCBPB3986C1ZV,202605278963590,Filled,Potential generation will be updated within 24–48 hours of invoice upload due to procedural delays.
2026-05-27T09:35:38.186Z,1007,25025811,2026-02-19,9,Unregistered,SHAKTI PLAST CHEM PRIVATE LIMITED,03AAICM5508J1ZI,07ABKCS4860N1ZN,,Failed,EPR Invoice not found. Last toast: Potential generation will be updated within 24–48 hours of invoice upload due to procedural delays.
2026-05-27T09:36:14.895Z,1009,25025813,2026-02-19,17.8,Unregistered,SHAKTI POLYMERS,03AAICM5508J1ZI,07AAGPJ3138C1Z5,,Failed,EPR Invoice not found. Last toast: Potential generation will be updated within 24–48 hours of invoice upload due to procedural delays.
2026-05-27T09:36:51.550Z,1010,25025910,2026-02-22,10,Unregistered,SHAKTI PLAST CHEM PRIVATE LIMITED,03AAICM5508J1ZI,07ABKCS4860N1ZN,,Failed,EPR Invoice not found. Last toast: Potential generation will be updated within 24–48 hours of invoice upload due to procedural delays.
2026-05-27T09:37:28.031Z,1013,25025958,2026-02-23,15,Unregistered,SHAKTI POLYMERS,03AAICM5508J1ZI,07AAGPJ3138C1Z5,,Failed,EPR Invoice not found. Last toast: Potential generation will be updated within 24–48 hours of invoice upload due to procedural delays.
2026-05-27T09:38:05.827Z,1015,25025965,2026-02-23,10,Unregistered,SHAKTI PLAST CHEM PRIVATE LIMITED,03AAICM5508J1ZI,07ABKCS4860N1ZN,,Failed,EPR Invoice not found. Last toast: Potential generation will be updated within 24–48 hours of invoice upload due to procedural delays.
2026-05-27T09:38:42.561Z,1019,25026008,2026-02-24,15,Unregistered,ANAND TWINES MANUFACTURING PRIVATE LIMITED,03AAICM5508J1ZI,09AAMCA0123H1ZY,,Failed,EPR Invoice not found. Last toast: Potential generation will be updated within 24–48 hours of invoice upload due to procedural delays.
2026-05-27T09:39:19.147Z,1021,25026011,2026-02-24,15,Unregistered,ANAND TWINES MANUFACTURING PRIVATE LIMITED,03AAICM5508J1ZI,09AAMCA0123H1ZY,,Failed,EPR Invoice not found. Last toast: Potential generation will be updated within 24–48 hours of invoice upload due to procedural delays.
2026-05-27T09:39:56.336Z,1022,25026012,2026-02-24,15,Unregistered,SHAKTI POLYMERS,03AAICM5508J1ZI,07AAGPJ3138C1Z5,,Failed,EPR Invoice not found. Last toast: Potential generation will be updated within 24–48 hours of invoice upload due to procedural delays.
2026-05-27T09:40:32.763Z,1024,25026094,2026-02-26,15,Unregistered,PEECO POLYTECH PRIVATE LIMITED,03AAICM5508J1ZI,06AAECP9388H2ZV,,Failed,EPR Invoice not found. Last toast: Potential generation will be updated within 24–48 hours of invoice upload due to procedural delays.
2026-05-27T09:40:41.181Z,1025,25026095,2026-02-26,15,Unregistered,RECOMMERCEX PRIVATE LIMITED,03AAICM5508J1ZI,09AANCR3594C1Z1,202605278964252,Filled,Potential generation will be updated within 24–48 hours of invoice upload due to procedural delays.
2026-05-27T09:40:50.149Z,1026,25026150,2026-02-27,15,Unregistered,SHREE BALAJI INDUSTRIES,03AAICM5508J1ZI,07DCBPB3986C1ZV,202605278964256,Filled,Potential generation will be updated within 24–48 hours of invoice upload due to procedural delays.
2026-05-27T09:41:27.951Z,1027,25026151,2026-02-27,15,Unregistered,SHAKTI POLYMERS,03AAICM5508J1ZI,07AAGPJ3138C1Z5,,Failed,EPR Invoice not found. Last toast: Potential generation will be updated within 24–48 hours of invoice upload due to procedural delays.
2026-05-27T09:42:04.816Z,1028,25026212,2026-02-28,9.9,Unregistered,SHAKTI POLYMERS,03AAICM5508J1ZI,07AAGPJ3138C1Z5,,Failed,EPR Invoice not found. Last toast: Potential generation will be updated within 24–48 hours of invoice upload due to procedural delays.
2026-05-27T09:42:41.698Z,1029,25026213,2026-02-28,15,Unregistered,ANAND TWINES MANUFACTURING PRIVATE LIMITED,03AAICM5508J1ZI,09AAMCA0123H1ZY,,Failed,EPR Invoice not found. Last toast: Potential generation will be updated within 24–48 hours of invoice upload due to procedural delays.
2026-05-27T09:43:19.171Z,1030,25026219,2026-02-28,15,Unregistered,DALMIA TEA MARKETING P LTD,03AAICM5508J1ZI,09AABCD4494R1ZV,,Failed,EPR Invoice not found. Last toast: Potential generation will be updated within 24–48 hours of invoice upload due to procedural delays.
2026-05-27T09:43:56.777Z,1032,25026299,2026-03-02,10,Unregistered,SHAKTI PLAST CHEM PRIVATE LIMITED,03AAICM5508J1ZI,07ABKCS4860N1ZN,,Failed,EPR Invoice not found. Last toast: Potential generation will be updated within 24–48 hours of invoice upload due to procedural delays.
2026-05-27T09:44:34.855Z,1037,25026368,2026-03-05,10,Unregistered,SHAKTI PLAST CHEM PRIVATE LIMITED,03AAICM5508J1ZI,07ABKCS4860N1ZN,,Failed,EPR Invoice not found. Last toast: Potential generation will be updated within 24–48 hours of invoice upload due to procedural delays.
2026-05-27T09:44:43.559Z,1038,25026378,2026-03-05,15,Unregistered,SHREE BALAJI INDUSTRIES,03AAICM5508J1ZI,07DCBPB3986C1ZV,202605278964345,Filled,Potential generation will be updated within 24–48 hours of invoice upload due to procedural delays.
2026-05-27T09:45:21.599Z,1040,25026583,2026-03-11,15,Unregistered,SHAKTI PLAST CHEM PRIVATE LIMITED,03AAICM5508J1ZI,07ABKCS4860N1ZN,,Failed,EPR Invoice not found. Last toast: Potential generation will be updated within 24–48 hours of invoice upload due to procedural delays.
2026-05-27T09:45:57.838Z,1046,25026627,2026-03-12,15,Unregistered,SHAKTI PLAST CHEM PRIVATE LIMITED,03AAICM5508J1ZI,07ABKCS4860N1ZN,,Failed,EPR Invoice not found. Last toast: Potential generation will be updated within 24–48 hours of invoice upload due to procedural delays.
2026-05-27T09:46:05.940Z,1048,25026630,2026-03-12,10,Unregistered,SHREE BALAJI INDUSTRIES,03AAICM5508J1ZI,07DCBPB3986C1ZV,202605278964383,Filled,Potential generation will be updated within 24–48 hours of invoice upload due to procedural delays.
2026-05-27T09:46:44.604Z,1051,25026820,2026-03-18,15,Unregistered,SHAKTI POLYMERS,03AAICM5508J1ZI,07AAGPJ3138C1Z5,,Failed,EPR Invoice not found. Last toast: Potential generation will be updated within 24–48 hours of invoice upload due to procedural delays.
2026-05-27T09:47:21.314Z,1055,25026919,2026-03-20,15,Unregistered,SHAKTI PLAST CHEM PRIVATE LIMITED,03AAICM5508J1ZI,07ABKCS4860N1ZN,,Failed,EPR Invoice not found. Last toast: Potential generation will be updated within 24–48 hours of invoice upload due to procedural delays.
2026-05-27T09:47:58.052Z,1057,25026944,2026-03-21,15,Unregistered,SHAKTI POLYMERS,03AAICM5508J1ZI,07AAGPJ3138C1Z5,,Failed,EPR Invoice not found. Last toast: Potential generation will be updated within 24–48 hours of invoice upload due to procedural delays.
2026-05-27T09:48:35.297Z,1059,25026997,2026-03-22,15,Unregistered,PEECO POLYTECH PRIVATE LIMITED,03AAICM5508J1ZI,06AAECP9388H2ZV,,Failed,EPR Invoice not found. Last toast: Potential generation will be updated within 24–48 hours of invoice upload due to procedural delays.
2026-05-27T09:49:13.627Z,1062,25027026,2026-03-22,9,Unregistered,PEECO POLYTECH PRIVATE LIMITED,03AAICM5508J1ZI,06AAECP9388H2ZV,,Failed,EPR Invoice not found. Last toast: Potential generation will be updated within 24–48 hours of invoice upload due to procedural delays.
2026-05-27T09:49:51.743Z,1065,25027107,2026-03-24,15,Unregistered,SHAKTI POLYMERS,03AAICM5508J1ZI,07AAGPJ3138C1Z5,,Failed,EPR Invoice not found. Last toast: Potential generation will be updated within 24–48 hours of invoice upload due to procedural delays.
2026-05-27T09:50:03.515Z,1068,25027180,2026-03-26,15,Unregistered,U K PAINTS (INDIA) PRIVATE LIMITED,03AAICM5508J1ZI,09AAACU0057C1ZR,202605278964817,Filled,Potential generation will be updated within 24–48 hours of invoice upload due to procedural delays.
2026-05-27T09:50:41.716Z,1074,25027341,2026-03-30,15,Unregistered,PEECO POLYTECH PRIVATE LIMITED,03AAICM5508J1ZI,06AAECP9388H2ZV,,Failed,EPR Invoice not found. Last toast: Potential generation will be updated within 24–48 hours of invoice upload due to procedural delays.
2026-05-27T09:51:18.318Z,1075,25027342,2026-03-30,17.9,Unregistered,DALMIA TEA MARKETING P LTD,03AAICM5508J1ZI,09AABCD4494R1ZV,,Failed,EPR Invoice not found. Last toast: Potential generation will be updated within 24–48 hours of invoice upload due to procedural delays.
2026-05-27T09:51:54.803Z,1076,25027343,2026-03-30,15,Unregistered,PEECO POLYTECH PRIVATE LIMITED,03AAICM5508J1ZI,06AAECP9388H2ZV,,Failed,EPR Invoice not found. Last toast: Potential generation will be updated within 24–48 hours of invoice upload due to procedural delays.
2026-05-27T09:52:02.589Z,1077,25027344,2026-03-30,10,Unregistered,SHREE BALAJI INDUSTRIES,03AAICM5508J1ZI,07DCBPB3986C1ZV,202605278965039,Filled,Potential generation will be updated within 24–48 hours of invoice upload due to procedural delays.
2026-05-27T09:52:40.719Z,1078,25027380,2026-03-31,15,Unregistered,SHAKTI POLYMERS,03AAICM5508J1ZI,07AAGPJ3138C1Z5,,Failed,EPR Invoice not found. Last toast: Potential generation will be updated within 24–48 hours of invoice upload due to procedural delays.
2026-05-27T09:53:17.375Z,1079,25027381,2026-03-31,15,Unregistered,SHAKTI POLYMERS,03AAICM5508J1ZI,07AAGPJ3138C1Z5,,Failed,EPR Invoice not found. Last toast: Potential generation will be updated within 24–48 hours of invoice upload due to procedural delays.
2026-05-27T09:53:54.600Z,1080,25027382,2026-03-31,15,Unregistered,SHAKTI POLYMERS,03AAICM5508J1ZI,07AAGPJ3138C1Z5,,Failed,EPR Invoice not found. Last toast: Potential generation will be updated within 24–48 hours of invoice upload due to procedural delays.
2026-05-27T09:54:03.004Z,1081,25027404,2026-03-31,15,Unregistered,SHREE BALAJI INDUSTRIES,03AAICM5508J1ZI,07DCBPB3986C1ZV,202605278965258,Filled,Potential generation will be updated within 24–48 hours of invoice upload due to procedural delays.
2026-05-27T09:54:41.209Z,1082,25027405,2026-03-31,15,Unregistered,ANAND TWINES MANUFACTURING PRIVATE LIMITED,03AAICM5508J1ZI,09AAMCA0123H1ZY,,Failed,EPR Invoice not found. Last toast: Potential generation will be updated within 24–48 hours of invoice upload due to procedural delays.
2026-05-27T09:55:18.023Z,1083,25027406,2026-03-31,10,Unregistered,ANAND TWINES MANUFACTURING PRIVATE LIMITED,03AAICM5508J1ZI,09AAMCA0123H1ZY,,Failed,EPR Invoice not found. Last toast: Potential generation will be updated within 24–48 hours of invoice upload due to procedural delays.
